Crop_ID,Date,Crop_Type,Region,Predicted_Disease,Disease_Probability,Temperature_C,Humidity_Pct,Rainfall_mm,VPD,Wet_Leaf_Hours,Alert_Status,Yield_Loss_Pct,Correct_Prediction,Processing_Time_ms,Model_Accuracy_Pct,Module
CRP-0001,2024-11-23,Cotton,Punjab,Rust,82.3,30.4,72.9,12.2,1.25,1.2,High,29.1,True,270.0,94.4,Prediction
CRP-0002,2024-02-27,Rice,Uttar Pradesh,Mosaic Virus,78.8,21.4,74.7,4.2,1.53,2.0,High,29.9,True,267.0,94.1,Weather
CRP-0003,2024-01-13,Maize,Uttar Pradesh,Mosaic Virus,78.3,34.1,37.8,1.0,3.06,11.1,High,39.4,True,176.0,92.9,Weather
CRP-0004,2025-01-14,Maize,West Bengal,Bacterial Spot,9.4,32.9,91.0,1.6,2.18,9.9,Low,6.0,True,339.0,95.8,Alert System
CRP-0005,2024-05-20,Tomato,Tamil Nadu,Healthy,39.4,35.8,41.8,1.1,2.04,4.2,Low,3.8,False,427.0,92.5,Vision
CRP-0006,2024-05-05,Tomato,Punjab,Leaf Blight,63.0,22.1,70.5,1.4,0.8,7.9,High,22.3,True,222.0,93.1,Weather
CRP-0007,2024-04-24,Cotton,Maharashtra,Powdery Mildew,71.6,22.7,44.5,1.8,0.55,6.4,Medium,24.2,False,323.0,94.6,Weather
CRP-0008,2024-03-12,Potato,Tamil Nadu,Early Blight,39.6,39.4,50.0,4.0,3.39,8.1,Medium,23.9,True,278.0,93.5,Weather
CRP-0009,2025-01-12,Rice,Punjab,Rust,11.2,36.0,65.5,4.4,1.63,8.2,Low,6.3,True,351.0,91.3,Weather
CRP-0010,2024-02-22,Potato,Karnataka,Leaf Blight,67.3,39.8,57.1,2.8,2.31,7.5,Medium,24.8,False,310.0,93.7,Vision
CRP-0011,2024-12-12,Tomato,Rajasthan,Mosaic Virus,41.6,36.2,40.4,4.8,0.74,3.2,Low,4.4,False,238.0,92.8,Weather
CRP-0012,2025-01-14,Potato,Punjab,Bacterial Spot,61.2,32.3,41.1,0.4,2.55,0.5,High,58.5,True,261.0,94.7,Vision
CRP-0013,2024-10-06,Pepper,Uttar Pradesh,Late Blight,26.2,33.7,57.2,0.5,3.3,5.5,Low,0.6,True,270.0,93.6,Prediction
CRP-0014,2024-02-14,Wheat,Karnataka,Healthy,80.5,39.3,79.2,0.9,2.23,10.7,High,34.6,True,401.0,93.5,Vision
CRP-0015,2024-10-29,Cotton,Andhra Pradesh,Rust,7.9,31.9,88.4,3.6,0.88,6.8,Low,1.8,True,398.0,91.8,Alert System
CRP-0016,2024-08-04,Cotton,Maharashtra,Rust,84.2,33.2,35.5,1.2,2.25,10.0,High,27.8,True,301.0,93.1,Prediction
CRP-0017,2024-01-17,Pepper,Tamil Nadu,Powdery Mildew,61.9,21.8,55.6,1.7,2.8,11.9,High,25.6,True,394.0,94.9,Vision
CRP-0018,2024-01-16,Tomato,Karnataka,Bacterial Spot,51.3,29.4,36.5,2.6,1.72,2.0,Medium,17.4,True,310.0,92.2,Vision
CRP-0019,2024-02-17,Rice,Uttar Pradesh,Rust,40.9,35.2,31.1,8.4,3.14,8.3,Medium,20.6,True,300.0,93.4,Vision
CRP-0020,2024-04-21,Rice,Andhra Pradesh,Leaf Blight,76.2,24.5,73.0,0.1,2.45,8.1,High,43.1,True,323.0,92.0,Vision
CRP-0021,2024-04-29,Maize,Rajasthan,Bacterial Spot,43.2,22.9,69.2,5.2,3.2,11.8,Medium,7.9,True,337.0,91.6,Vision
CRP-0022,2024-09-15,Soybean,Andhra Pradesh,Powdery Mildew,65.4,25.5,40.6,5.5,2.37,11.8,Medium,21.2,False,287.0,93.3,Vision
CRP-0023,2024-11-04,Pepper,Karnataka,Mosaic Virus,29.9,23.8,45.2,8.0,0.89,8.2,Medium,17.7,True,321.0,93.7,Alert System
CRP-0024,2024-01-14,Soybean,Maharashtra,Early Blight,56.0,23.2,31.5,13.5,1.43,2.9,Medium,12.8,True,367.0,96.4,Alert System
CRP-0025,2024-10-14,Soybean,Rajasthan,Early Blight,70.4,28.2,84.3,0.1,1.11,9.6,High,47.0,True,328.0,92.7,Alert System
CRP-0026,2024-04-11,Rice,Punjab,Late Blight,44.6,39.8,93.4,0.8,3.23,1.3,Medium,10.2,True,323.0,93.3,Vision
CRP-0027,2025-01-01,Tomato,Maharashtra,Bacterial Spot,79.3,30.2,38.8,10.9,2.78,9.4,High,33.8,True,350.0,91.5,Prediction
CRP-0028,2024-11-28,Cotton,Andhra Pradesh,Late Blight,13.3,22.5,45.0,3.1,2.53,10.9,Low,7.3,True,360.0,94.3,Alert System
CRP-0029,2024-12-25,Rice,Uttar Pradesh,Late Blight,43.6,19.8,86.4,4.2,1.4,4.6,Medium,10.8,True,316.0,94.0,Weather
CRP-0030,2024-10-06,Pepper,Maharashtra,Healthy,50.5,34.7,90.2,5.4,1.05,7.6,Medium,14.4,True,292.0,95.6,Weather
CRP-0031,2024-08-02,Pepper,Rajasthan,Early Blight,32.0,27.2,57.3,5.7,2.77,5.2,Medium,22.8,True,331.0,95.1,Vision
CRP-0032,2024-04-22,Cotton,Andhra Pradesh,Mosaic Virus,41.6,37.7,33.3,13.4,1.92,5.3,Medium,19.2,True,224.0,93.9,Prediction
CRP-0033,2024-08-17,Tomato,Rajasthan,Rust,55.0,33.8,32.6,29.0,1.18,3.7,Medium,6.2,True,307.0,92.7,Alert System
CRP-0034,2024-10-28,Tomato,Punjab,Mosaic Virus,57.6,37.1,67.3,6.4,2.35,9.1,High,25.9,True,172.0,93.7,Vision
CRP-0035,2024-05-22,Tomato,Tamil Nadu,Powdery Mildew,23.4,24.5,55.5,1.7,0.62,11.2,Medium,5.2,True,219.0,93.2,Prediction
CRP-0036,2025-02-18,Soybean,West Bengal,Rust,71.4,34.6,31.9,10.6,1.48,11.3,High,45.2,False,210.0,94.8,Weather
CRP-0037,2025-03-21,Wheat,West Bengal,Powdery Mildew,75.7,24.3,67.9,0.3,1.91,2.1,High,37.9,True,383.0,94.6,Alert System
CRP-0038,2024-01-04,Rice,Uttar Pradesh,Rust,53.8,40.5,30.7,1.3,0.94,10.5,Low,1.1,True,321.0,93.0,Vision
CRP-0039,2025-01-23,Tomato,Rajasthan,Powdery Mildew,42.3,33.3,81.2,11.4,3.45,8.8,Medium,24.2,True,244.0,91.2,Vision
CRP-0040,2025-02-16,Maize,Andhra Pradesh,Healthy,60.7,25.8,49.9,1.5,1.13,3.0,High,41.2,True,349.0,95.4,Prediction
CRP-0041,2024-03-22,Tomato,Andhra Pradesh,Healthy,45.0,24.5,32.6,1.2,0.89,0.8,High,29.7,True,379.0,94.3,Vision
CRP-0042,2024-12-23,Tomato,Karnataka,Late Blight,42.1,22.6,68.2,0.7,1.11,3.2,Medium,15.0,True,351.0,92.9,Vision
CRP-0043,2024-08-04,Cotton,Andhra Pradesh,Bacterial Spot,79.1,34.7,55.8,9.8,2.81,10.9,Medium,18.6,True,309.0,94.2,Alert System
CRP-0044,2024-06-23,Potato,Maharashtra,Rust,57.9,23.2,93.3,3.5,1.78,7.6,High,23.0,True,334.0,93.5,Weather
CRP-0045,2024-05-22,Cotton,Tamil Nadu,Late Blight,68.6,32.3,65.4,5.6,2.2,8.7,High,31.0,False,374.0,95.4,Weather
CRP-0046,2024-03-20,Maize,Uttar Pradesh,Mosaic Virus,53.2,24.4,47.9,1.4,0.56,3.1,Medium,21.1,True,292.0,90.5,Prediction
CRP-0047,2024-04-20,Rice,Maharashtra,Healthy,8.4,33.9,76.1,7.1,0.6,8.6,Low,3.7,True,322.0,92.8,Weather
CRP-0048,2025-01-25,Maize,Maharashtra,Early Blight,65.6,37.6,47.6,7.1,1.84,0.3,Medium,15.9,True,305.0,95.8,Prediction
CRP-0049,2024-06-21,Potato,Tamil Nadu,Healthy,39.9,36.7,88.8,1.9,2.95,4.5,Low,3.5,True,223.0,94.2,Alert System
CRP-0050,2024-02-22,Maize,Karnataka,Early Blight,24.7,36.3,54.4,2.6,3.16,7.5,Medium,5.9,True,375.0,96.1,Prediction
CRP-0051,2024-02-17,Tomato,Andhra Pradesh,Rust,78.6,22.5,65.7,1.2,0.76,1.8,High,26.6,True,443.0,91.6,Weather
CRP-0052,2024-07-13,Maize,Karnataka,Rust,58.6,20.1,33.3,18.8,2.12,9.9,Medium,13.9,True,268.0,95.0,Vision
CRP-0053,2024-02-19,Rice,Andhra Pradesh,Powdery Mildew,71.9,34.8,57.7,5.2,3.24,2.8,High,28.4,False,378.0,94.9,Alert System
CRP-0054,2024-07-02,Tomato,Rajasthan,Early Blight,56.8,26.8,84.1,13.6,1.66,7.8,High,22.0,True,269.0,90.9,Weather
CRP-0055,2025-03-09,Tomato,Rajasthan,Leaf Blight,71.9,28.4,82.4,1.8,2.99,4.9,Medium,21.9,True,328.0,93.0,Alert System
CRP-0056,2024-06-25,Tomato,Maharashtra,Mosaic Virus,26.5,18.7,44.6,7.6,0.9,7.2,Medium,24.6,True,410.0,93.2,Prediction
CRP-0057,2024-11-05,Cotton,Maharashtra,Late Blight,36.6,24.2,44.7,7.3,3.31,1.3,Medium,20.9,False,289.0,91.0,Weather
CRP-0058,2024-05-15,Wheat,Punjab,Powdery Mildew,58.0,18.8,83.1,5.9,2.75,0.2,Medium,22.1,True,319.0,93.0,Vision
CRP-0059,2025-02-17,Wheat,Tamil Nadu,Rust,63.2,39.1,90.5,16.9,3.32,10.9,Medium,9.8,True,212.0,94.7,Vision
CRP-0060,2024-01-23,Rice,West Bengal,Mosaic Virus,92.2,23.8,36.2,2.5,2.53,3.2,High,58.4,True,280.0,92.8,Vision
CRP-0061,2025-01-08,Wheat,Rajasthan,Late Blight,33.4,31.4,59.3,0.7,1.59,9.8,Medium,8.9,True,206.0,93.8,Vision
CRP-0062,2024-08-23,Maize,Tamil Nadu,Bacterial Spot,26.8,18.9,51.9,5.6,3.31,12.0,Low,7.6,False,346.0,93.8,Alert System
CRP-0063,2024-10-01,Potato,Maharashtra,Leaf Blight,24.4,34.0,86.6,6.5,1.33,2.5,Low,8.0,True,370.0,93.4,Weather
CRP-0064,2024-03-04,Soybean,Karnataka,Early Blight,74.2,25.8,35.4,4.3,1.5,3.2,High,48.5,True,307.0,92.3,Vision
CRP-0065,2024-07-12,Wheat,Maharashtra,Early Blight,68.4,39.6,43.7,1.2,2.6,8.0,High,59.2,True,337.0,94.4,Vision
CRP-0066,2024-02-10,Pepper,Karnataka,Powdery Mildew,70.9,39.3,78.9,3.5,2.8,11.6,Medium,16.4,True,300.0,91.0,Vision
CRP-0067,2024-10-09,Maize,Andhra Pradesh,Leaf Blight,21.3,25.8,33.3,1.9,3.29,11.0,Medium,10.2,True,364.0,93.4,Prediction
CRP-0068,2024-05-30,Maize,West Bengal,Bacterial Spot,66.9,39.6,62.0,2.8,1.11,6.0,High,37.5,True,328.0,95.5,Weather
CRP-0069,2025-02-28,Pepper,Andhra Pradesh,Healthy,40.3,41.9,58.7,5.2,2.89,9.5,Low,4.7,True,201.0,92.7,Alert System
CRP-0070,2024-11-17,Potato,Maharashtra,Mosaic Virus,26.3,37.8,51.7,6.8,2.72,1.6,Low,0.6,True,376.0,92.3,Prediction
CRP-0071,2024-11-12,Soybean,Punjab,Rust,76.3,38.3,55.6,1.3,0.69,11.7,Medium,17.4,True,297.0,94.5,Prediction
CRP-0072,2025-03-17,Maize,Maharashtra,Healthy,88.0,24.0,64.4,2.6,1.66,11.6,High,59.2,True,244.0,93.6,Alert System
CRP-0073,2024-07-04,Pepper,Rajasthan,Rust,69.2,31.8,40.5,1.6,1.35,2.0,High,27.6,True,294.0,94.5,Vision
CRP-0074,2024-10-22,Rice,Maharashtra,Powdery Mildew,87.6,19.6,67.2,1.1,1.41,3.6,High,51.7,True,206.0,93.5,Vision
CRP-0075,2024-04-08,Wheat,Rajasthan,Rust,89.3,20.3,82.4,7.6,3.45,1.2,High,56.3,True,245.0,89.8,Weather
CRP-0076,2024-12-26,Tomato,Andhra Pradesh,Leaf Blight,36.3,42.0,79.4,12.0,2.43,3.3,Medium,23.9,True,329.0,95.2,Vision
CRP-0077,2024-02-05,Pepper,Punjab,Leaf Blight,22.4,25.8,40.0,2.3,2.65,9.8,Low,7.7,True,334.0,96.5,Prediction
CRP-0078,2024-01-24,Soybean,Tamil Nadu,Mosaic Virus,64.2,36.0,39.7,7.0,3.43,4.5,High,40.9,True,338.0,95.3,Prediction
CRP-0079,2024-12-04,Pepper,Andhra Pradesh,Powdery Mildew,97.6,37.4,47.4,11.4,1.63,1.1,Medium,24.5,True,320.0,88.1,Prediction
CRP-0080,2024-04-26,Pepper,Andhra Pradesh,Mosaic Virus,17.3,38.6,53.5,9.4,2.91,4.1,Medium,20.1,True,278.0,94.1,Alert System
CRP-0081,2025-01-30,Potato,Maharashtra,Bacterial Spot,40.2,41.9,56.5,1.0,1.8,11.8,High,26.5,True,317.0,92.7,Vision
CRP-0082,2024-05-28,Cotton,Uttar Pradesh,Late Blight,40.9,23.8,74.2,15.7,3.11,7.6,Medium,14.5,True,294.0,91.8,Vision
CRP-0083,2024-02-10,Tomato,Karnataka,Rust,55.7,19.0,33.7,2.4,1.04,5.0,Medium,19.4,True,222.0,93.6,Vision
CRP-0084,2025-03-13,Cotton,Andhra Pradesh,Early Blight,50.7,27.9,32.3,2.1,3.34,2.0,High,29.9,True,274.0,93.2,Vision
CRP-0085,2024-04-29,Cotton,Karnataka,Rust,31.4,21.1,55.5,0.3,1.16,11.8,Medium,17.8,True,373.0,94.2,Weather
CRP-0086,2025-03-19,Cotton,Karnataka,Leaf Blight,77.7,18.5,75.3,3.3,1.48,9.9,High,46.7,True,415.0,93.5,Weather
CRP-0087,2024-02-21,Soybean,Tamil Nadu,Rust,12.3,26.7,42.6,0.6,2.77,3.4,Low,1.3,True,359.0,91.7,Prediction
CRP-0088,2024-07-13,Tomato,Tamil Nadu,Mosaic Virus,22.5,36.8,71.7,1.4,1.68,0.8,Low,4.5,True,413.0,92.5,Prediction
CRP-0089,2024-05-22,Cotton,Tamil Nadu,Healthy,88.8,31.6,46.9,1.9,2.32,0.7,High,50.9,True,325.0,92.3,Alert System
CRP-0090,2024-08-20,Rice,West Bengal,Powdery Mildew,41.3,25.5,87.6,8.3,1.83,1.4,Medium,15.0,True,425.0,90.8,Prediction
CRP-0091,2024-11-21,Cotton,Karnataka,Rust,70.6,33.7,88.2,10.4,2.73,7.0,High,20.5,True,443.0,91.3,Vision
CRP-0092,2025-03-03,Potato,Maharashtra,Late Blight,10.9,23.6,49.3,1.8,1.18,11.1,Low,0.1,True,216.0,93.1,Prediction
CRP-0093,2024-07-05,Pepper,Karnataka,Rust,43.8,18.3,44.9,9.8,0.68,6.0,Medium,12.1,True,333.0,95.5,Prediction
CRP-0094,2024-03-24,Rice,Andhra Pradesh,Leaf Blight,72.9,36.3,56.7,9.7,1.4,10.1,High,57.0,True,325.0,92.6,Weather
CRP-0095,2024-07-08,Maize,Tamil Nadu,Healthy,86.8,33.0,45.6,7.2,1.92,5.4,High,29.1,True,295.0,92.3,Vision
CRP-0096,2024-06-30,Pepper,Andhra Pradesh,Leaf Blight,36.9,36.3,73.7,0.8,1.0,8.5,Low,5.1,True,350.0,91.6,Alert System
CRP-0097,2024-04-17,Potato,Tamil Nadu,Powdery Mildew,61.2,18.9,83.7,5.9,1.56,8.8,Medium,9.4,True,322.0,93.4,Alert System
CRP-0098,2024-12-09,Tomato,West Bengal,Bacterial Spot,5.0,38.1,73.8,14.5,1.7,2.1,Low,2.6,True,276.0,95.2,Alert System
CRP-0099,2024-05-16,Rice,Maharashtra,Bacterial Spot,41.7,32.9,83.6,5.7,0.67,4.3,Medium,22.0,True,318.0,96.4,Prediction
CRP-0100,2024-12-25,Wheat,Rajasthan,Healthy,9.5,31.5,55.8,2.0,2.25,7.6,Low,5.8,True,392.0,93.8,Alert System
CRP-0101,2024-12-15,Maize,Tamil Nadu,Leaf Blight,49.4,33.0,40.2,3.5,3.15,0.8,Medium,6.9,True,331.0,93.6,Alert System
CRP-0102,2024-11-27,Soybean,Uttar Pradesh,Bacterial Spot,33.3,38.7,78.0,5.2,0.96,4.3,Low,3.4,True,358.0,92.6,Alert System
CRP-0103,2024-02-06,Soybean,West Bengal,Bacterial Spot,4.9,32.1,53.4,3.6,2.29,6.4,Low,0.2,True,303.0,92.8,Weather
CRP-0104,2024-11-07,Potato,Uttar Pradesh,Powdery Mildew,35.0,31.9,73.6,0.6,2.49,12.0,Medium,14.6,True,347.0,94.3,Vision
CRP-0105,2024-11-21,Tomato,West Bengal,Late Blight,47.8,41.8,47.6,1.9,1.76,5.7,Medium,18.2,True,247.0,92.9,Weather
CRP-0106,2024-03-28,Cotton,Maharashtra,Mosaic Virus,40.8,36.2,35.3,8.1,2.6,9.8,Medium,7.4,True,290.0,93.2,Vision
CRP-0107,2024-09-30,Cotton,Karnataka,Powdery Mildew,8.2,28.6,94.5,9.9,1.73,5.2,Low,2.3,False,314.0,93.4,Weather
CRP-0108,2025-01-08,Potato,Tamil Nadu,Early Blight,52.6,35.0,40.2,0.7,2.01,9.6,Medium,13.0,True,243.0,92.5,Vision
CRP-0109,2024-05-05,Tomato,Punjab,Early Blight,17.1,27.3,94.2,15.2,0.52,7.1,Low,7.4,True,270.0,93.3,Alert System
CRP-0110,2024-03-24,Pepper,Andhra Pradesh,Healthy,30.9,23.5,93.5,2.0,2.58,10.6,Medium,24.9,True,339.0,90.4,Alert System
CRP-0111,2024-08-24,Pepper,Rajasthan,Powdery Mildew,16.5,32.3,81.6,5.4,2.48,4.9,Medium,5.9,True,328.0,94.2,Alert System
CRP-0112,2024-07-13,Pepper,Andhra Pradesh,Leaf Blight,96.3,40.3,72.9,7.0,0.62,7.3,High,50.4,True,368.0,96.9,Weather
CRP-0113,2024-05-18,Maize,Rajasthan,Mosaic Virus,67.7,40.3,67.6,8.4,1.6,7.6,High,34.9,False,284.0,92.6,Alert System
CRP-0114,2024-11-23,Pepper,West Bengal,Early Blight,82.9,26.2,86.3,14.6,3.44,5.0,Medium,12.8,True,323.0,94.0,Prediction
CRP-0115,2024-12-18,Wheat,Rajasthan,Healthy,36.7,30.7,48.8,1.9,1.76,1.7,Low,6.0,True,280.0,94.7,Vision
CRP-0116,2024-10-12,Rice,Andhra Pradesh,Bacterial Spot,57.6,23.1,60.4,9.8,2.01,1.1,Medium,23.4,True,362.0,95.3,Weather
CRP-0117,2024-04-22,Soybean,Karnataka,Healthy,26.2,41.9,70.3,0.7,3.23,0.2,Medium,24.0,True,391.0,93.0,Alert System
CRP-0118,2024-12-16,Pepper,Tamil Nadu,Leaf Blight,58.5,41.5,56.7,6.1,2.65,10.5,High,43.1,True,349.0,90.7,Alert System
CRP-0119,2024-06-15,Potato,Rajasthan,Rust,76.7,33.6,57.8,6.8,2.25,2.8,High,34.3,True,384.0,93.8,Vision
CRP-0120,2025-03-07,Potato,Uttar Pradesh,Early Blight,64.1,37.3,51.5,5.7,2.89,2.5,High,51.5,True,322.0,93.6,Alert System
CRP-0121,2025-01-28,Cotton,West Bengal,Bacterial Spot,71.1,35.2,66.7,1.5,3.09,8.8,High,30.0,True,368.0,92.9,Alert System
CRP-0122,2025-02-01,Wheat,Rajasthan,Powdery Mildew,41.2,32.2,85.3,10.3,1.87,3.8,High,42.6,True,325.0,93.2,Vision
CRP-0123,2024-01-29,Wheat,Karnataka,Bacterial Spot,68.0,19.3,43.1,0.9,1.93,6.1,Medium,12.2,True,259.0,93.6,Vision
CRP-0124,2024-04-27,Maize,Andhra Pradesh,Mosaic Virus,70.3,28.9,90.7,0.3,1.66,2.0,High,46.3,True,335.0,93.9,Prediction
CRP-0125,2025-02-24,Pepper,Rajasthan,Mosaic Virus,64.0,34.2,74.8,6.3,3.4,11.5,High,29.6,True,260.0,93.9,Prediction
CRP-0126,2024-01-17,Pepper,Tamil Nadu,Leaf Blight,87.2,34.3,83.5,3.2,2.59,10.2,Medium,8.8,True,460.0,93.1,Vision
CRP-0127,2025-02-16,Maize,West Bengal,Bacterial Spot,35.9,27.0,66.2,9.5,0.75,10.4,Medium,23.4,True,300.0,94.0,Weather
CRP-0128,2024-06-10,Wheat,Uttar Pradesh,Late Blight,95.9,40.6,80.7,2.4,3.09,4.9,High,24.1,False,359.0,93.0,Prediction
CRP-0129,2024-07-24,Rice,Rajasthan,Healthy,22.3,22.0,31.1,0.9,1.94,9.1,Medium,15.1,True,319.0,94.4,Vision
CRP-0130,2024-05-17,Soybean,Andhra Pradesh,Healthy,16.9,30.0,83.2,9.1,0.71,1.7,Medium,9.4,True,246.0,92.5,Alert System
CRP-0131,2024-02-03,Tomato,Tamil Nadu,Late Blight,70.2,34.6,32.6,4.0,2.15,0.1,Medium,5.8,True,206.0,93.5,Weather
CRP-0132,2024-04-18,Maize,Andhra Pradesh,Late Blight,63.1,34.7,87.8,1.0,1.75,0.2,High,21.4,True,365.0,91.0,Alert System
CRP-0133,2024-10-17,Cotton,Rajasthan,Bacterial Spot,54.6,33.6,94.5,6.4,3.13,7.0,Medium,8.5,True,413.0,92.8,Prediction
CRP-0134,2025-03-24,Soybean,Maharashtra,Early Blight,22.9,24.6,49.1,3.6,1.11,5.5,Low,6.9,True,276.0,94.3,Alert System
CRP-0135,2025-01-02,Cotton,Uttar Pradesh,Powdery Mildew,72.9,21.7,43.7,4.6,2.98,6.2,Medium,10.6,True,221.0,91.8,Weather
CRP-0136,2024-06-10,Wheat,Karnataka,Leaf Blight,35.6,33.3,79.7,3.1,2.17,0.1,Medium,24.0,True,300.0,92.9,Vision
CRP-0137,2024-04-18,Soybean,Punjab,Late Blight,16.9,32.4,46.4,8.8,0.66,5.1,Low,4.7,True,264.0,89.8,Vision
CRP-0138,2024-12-01,Wheat,West Bengal,Mosaic Virus,13.4,22.3,86.3,8.8,3.42,8.6,Low,3.5,True,281.0,91.3,Weather
CRP-0139,2024-09-12,Potato,Uttar Pradesh,Leaf Blight,13.6,34.9,36.7,6.2,2.04,5.3,Medium,16.6,True,357.0,91.7,Alert System
CRP-0140,2024-07-21,Cotton,West Bengal,Early Blight,77.3,28.9,38.2,0.6,1.37,8.8,High,40.7,True,317.0,93.6,Alert System
CRP-0141,2024-11-25,Maize,Tamil Nadu,Leaf Blight,63.9,34.0,93.6,9.1,1.91,2.8,Medium,20.2,True,270.0,93.9,Weather
CRP-0142,2024-08-22,Rice,Maharashtra,Healthy,15.3,38.1,73.8,5.6,3.07,9.8,Low,2.3,True,355.0,93.3,Vision
CRP-0143,2024-03-14,Soybean,Andhra Pradesh,Late Blight,14.7,22.1,85.0,6.0,1.41,7.1,Low,2.8,True,360.0,92.8,Alert System
CRP-0144,2024-05-15,Pepper,West Bengal,Mosaic Virus,33.8,18.5,51.1,2.3,1.08,2.5,Low,7.2,True,300.0,92.8,Prediction
CRP-0145,2024-03-12,Maize,Karnataka,Powdery Mildew,65.2,36.7,74.0,10.6,0.89,2.8,Medium,23.9,True,328.0,94.5,Weather
CRP-0146,2024-05-06,Rice,Tamil Nadu,Rust,35.6,32.6,68.6,6.5,1.39,7.5,Medium,22.9,True,351.0,93.7,Prediction
CRP-0147,2025-01-16,Tomato,Uttar Pradesh,Mosaic Virus,82.2,34.8,69.2,0.6,2.84,10.0,Medium,13.4,True,346.0,92.9,Prediction
CRP-0148,2024-10-14,Rice,Tamil Nadu,Mosaic Virus,68.0,38.1,74.4,2.6,1.91,5.0,Medium,20.6,True,322.0,95.3,Vision
CRP-0149,2024-10-02,Soybean,Karnataka,Early Blight,72.6,37.3,67.4,10.9,1.18,3.1,High,39.1,True,406.0,96.3,Weather
CRP-0150,2024-05-14,Cotton,Andhra Pradesh,Leaf Blight,74.0,41.1,57.9,0.2,1.0,10.4,High,39.9,True,355.0,91.5,Alert System
CRP-0151,2025-01-17,Cotton,Andhra Pradesh,Mosaic Virus,44.1,30.9,47.9,16.3,1.5,8.0,Medium,9.1,True,293.0,94.2,Alert System
CRP-0152,2024-10-26,Cotton,Maharashtra,Bacterial Spot,81.0,29.7,80.0,5.7,3.32,5.4,High,43.6,True,293.0,98.0,Weather
CRP-0153,2024-08-07,Tomato,West Bengal,Late Blight,89.0,27.6,44.7,5.0,1.53,5.9,High,27.4,True,287.0,93.8,Vision
CRP-0154,2024-10-25,Potato,West Bengal,Powdery Mildew,82.4,21.7,75.0,1.6,3.46,2.5,Medium,11.6,True,358.0,93.6,Alert System
CRP-0155,2024-07-23,Soybean,Andhra Pradesh,Powdery Mildew,41.6,31.7,45.2,1.4,1.96,7.5,Medium,22.1,True,283.0,93.3,Alert System
CRP-0156,2024-07-04,Wheat,Andhra Pradesh,Mosaic Virus,72.8,24.6,70.6,14.2,1.04,4.3,High,28.3,True,295.0,94.1,Alert System
CRP-0157,2024-04-22,Wheat,Punjab,Late Blight,37.0,40.1,78.6,1.8,3.17,11.9,Medium,6.4,True,383.0,94.5,Vision
CRP-0158,2024-03-11,Wheat,Rajasthan,Late Blight,64.3,32.0,44.2,7.5,1.88,5.8,High,22.8,True,331.0,91.5,Alert System
CRP-0159,2024-09-17,Tomato,Maharashtra,Leaf Blight,60.8,32.2,33.9,2.5,2.63,5.8,Medium,23.8,True,392.0,93.4,Alert System
CRP-0160,2024-09-09,Cotton,Maharashtra,Late Blight,70.3,26.5,38.5,0.7,3.45,6.8,High,40.3,True,368.0,90.0,Prediction
CRP-0161,2024-02-16,Pepper,Uttar Pradesh,Powdery Mildew,39.0,19.2,69.4,0.1,0.65,11.0,Medium,13.2,True,249.0,93.1,Vision
CRP-0162,2025-01-21,Pepper,Rajasthan,Mosaic Virus,42.6,18.8,85.2,3.9,0.79,9.6,Medium,21.2,True,314.0,92.0,Alert System
CRP-0163,2024-01-25,Tomato,Karnataka,Healthy,68.0,28.2,32.9,18.6,2.66,5.4,High,53.4,True,379.0,93.9,Vision
CRP-0164,2025-03-16,Tomato,Punjab,Early Blight,31.9,20.0,77.7,2.3,1.35,8.6,Medium,11.6,True,247.0,90.9,Vision
CRP-0165,2024-02-26,Cotton,Andhra Pradesh,Powdery Mildew,96.5,32.6,52.2,2.2,1.05,7.0,High,47.7,True,345.0,92.6,Alert System
CRP-0166,2024-03-19,Cotton,Rajasthan,Healthy,33.1,39.1,61.1,2.1,0.62,5.9,Medium,20.4,False,318.0,94.8,Alert System
CRP-0167,2024-11-17,Tomato,Andhra Pradesh,Leaf Blight,78.1,39.2,90.4,3.7,0.57,2.3,High,46.2,True,215.0,92.4,Vision
CRP-0168,2024-03-22,Soybean,Maharashtra,Rust,32.7,33.8,51.6,2.9,2.82,5.6,Medium,8.0,True,327.0,90.5,Vision
CRP-0169,2025-02-09,Maize,Punjab,Leaf Blight,77.1,23.1,60.2,10.6,0.9,2.9,High,55.0,True,270.0,93.8,Vision
CRP-0170,2024-12-14,Cotton,Maharashtra,Mosaic Virus,91.9,38.7,30.9,3.5,1.9,11.0,High,41.6,True,250.0,92.5,Prediction
CRP-0171,2024-08-04,Pepper,Tamil Nadu,Mosaic Virus,7.4,39.3,35.3,3.5,2.32,4.0,Low,2.3,True,321.0,93.1,Weather
CRP-0172,2024-11-01,Maize,Uttar Pradesh,Leaf Blight,29.2,22.7,46.8,0.7,1.79,11.4,Medium,13.5,True,204.0,92.3,Alert System
CRP-0173,2024-02-02,Pepper,Uttar Pradesh,Healthy,12.1,35.7,31.8,20.3,0.58,6.4,Low,0.3,True,280.0,96.4,Prediction
CRP-0174,2024-07-16,Wheat,West Bengal,Leaf Blight,4.9,24.9,71.0,1.4,2.85,7.6,Low,1.0,True,473.0,91.1,Prediction
CRP-0175,2024-07-14,Cotton,Rajasthan,Late Blight,62.4,37.3,57.7,0.4,0.53,6.5,High,50.6,True,359.0,97.7,Vision
CRP-0176,2024-11-01,Cotton,Andhra Pradesh,Mosaic Virus,97.7,41.9,65.6,5.4,2.79,1.6,High,20.0,True,267.0,92.8,Weather
CRP-0177,2024-08-27,Rice,West Bengal,Powdery Mildew,83.0,18.7,41.4,4.5,3.18,4.5,High,36.7,True,404.0,93.7,Alert System
CRP-0178,2024-09-27,Soybean,Karnataka,Late Blight,30.0,39.5,49.2,2.7,1.8,1.2,Medium,15.5,True,260.0,92.5,Prediction
CRP-0179,2024-05-08,Maize,Rajasthan,Powdery Mildew,34.9,32.9,73.1,2.7,2.11,7.5,Low,0.4,True,287.0,92.5,Alert System
CRP-0180,2024-10-10,Wheat,Punjab,Late Blight,59.4,41.4,92.7,7.7,1.93,5.4,High,58.9,False,251.0,92.2,Prediction
CRP-0181,2025-03-16,Pepper,West Bengal,Leaf Blight,58.6,29.2,33.3,1.1,1.67,9.3,Medium,9.5,True,335.0,94.3,Alert System
CRP-0182,2024-01-06,Maize,Maharashtra,Leaf Blight,15.2,38.3,87.9,8.6,3.16,2.6,Low,2.4,True,402.0,91.3,Vision
CRP-0183,2024-12-14,Potato,Tamil Nadu,Powdery Mildew,66.9,19.5,67.5,5.2,3.18,2.0,Medium,11.1,True,260.0,93.9,Vision
CRP-0184,2025-01-04,Wheat,Andhra Pradesh,Powdery Mildew,17.6,26.0,66.7,2.7,1.51,4.9,Low,1.8,True,196.0,90.1,Weather
CRP-0185,2024-02-28,Pepper,Maharashtra,Rust,7.6,19.6,62.5,3.1,2.35,11.1,Low,0.0,True,385.0,93.8,Vision
CRP-0186,2024-12-15,Tomato,Maharashtra,Late Blight,93.0,41.4,34.5,1.5,3.28,8.5,High,49.2,True,413.0,94.7,Prediction
CRP-0187,2024-10-01,Soybean,Karnataka,Rust,50.8,37.6,35.8,7.0,3.39,5.0,High,58.7,True,200.0,91.5,Prediction
CRP-0188,2025-01-19,Tomato,Rajasthan,Late Blight,86.8,38.5,69.1,3.6,2.03,6.2,High,29.0,True,348.0,94.4,Prediction
CRP-0189,2024-05-16,Potato,Tamil Nadu,Bacterial Spot,30.8,40.5,52.2,1.9,1.86,1.0,High,46.5,True,334.0,93.5,Prediction
CRP-0190,2025-01-28,Wheat,Rajasthan,Rust,47.9,20.0,89.6,4.5,1.34,11.8,Medium,19.8,True,273.0,95.8,Vision
CRP-0191,2024-11-24,Rice,West Bengal,Late Blight,48.3,27.3,56.4,27.3,3.38,8.0,Medium,22.0,True,236.0,92.1,Vision
CRP-0192,2024-06-23,Potato,Uttar Pradesh,Early Blight,76.7,19.7,39.3,2.9,0.93,3.4,High,36.9,True,380.0,97.6,Weather
CRP-0193,2024-02-27,Wheat,West Bengal,Late Blight,53.1,23.1,76.5,12.7,2.24,7.0,Medium,11.1,True,331.0,89.8,Alert System
CRP-0194,2024-05-30,Pepper,Rajasthan,Powdery Mildew,1.8,23.5,49.1,2.1,1.35,1.3,Low,2.6,True,335.0,92.9,Weather
CRP-0195,2024-08-10,Cotton,West Bengal,Powdery Mildew,55.7,29.3,64.2,0.3,1.34,11.6,High,48.5,True,283.0,90.9,Alert System
CRP-0196,2024-03-21,Soybean,Maharashtra,Bacterial Spot,57.0,24.4,75.4,1.1,1.71,2.1,Medium,21.3,True,272.0,96.2,Vision
CRP-0197,2024-08-20,Tomato,West Bengal,Healthy,39.0,20.4,88.5,2.7,3.5,7.8,Medium,8.6,True,173.0,93.0,Prediction
CRP-0198,2024-01-02,Soybean,West Bengal,Late Blight,83.4,22.0,81.5,1.2,0.66,2.9,High,34.8,True,306.0,93.1,Weather
CRP-0199,2025-01-04,Potato,Rajasthan,Powdery Mildew,14.3,21.5,74.0,0.0,2.24,8.6,Low,7.2,True,406.0,94.1,Weather
CRP-0200,2025-03-24,Soybean,Maharashtra,Late Blight,28.9,41.4,74.2,12.3,0.75,9.3,Low,6.5,True,267.0,93.4,Vision
CRP-0201,2025-01-03,Pepper,Tamil Nadu,Mosaic Virus,70.0,36.2,91.5,9.3,0.96,8.1,High,59.4,True,229.0,92.5,Alert System
CRP-0202,2024-05-14,Wheat,Punjab,Powdery Mildew,74.7,41.2,49.2,6.8,1.82,7.4,High,50.2,True,346.0,91.5,Weather
CRP-0203,2024-09-13,Tomato,Maharashtra,Bacterial Spot,96.0,28.6,30.1,0.9,2.03,10.7,High,35.7,True,357.0,93.7,Alert System
CRP-0204,2025-01-25,Potato,Punjab,Early Blight,88.2,24.7,47.7,0.6,1.28,0.9,Medium,16.8,True,285.0,94.0,Weather
CRP-0205,2024-04-01,Cotton,Rajasthan,Early Blight,48.0,37.2,44.2,0.3,1.45,4.0,Low,5.3,True,299.0,94.4,Prediction
CRP-0206,2024-09-16,Pepper,Maharashtra,Powdery Mildew,54.1,25.8,73.0,6.4,0.76,3.0,Medium,6.6,True,336.0,96.3,Vision
CRP-0207,2024-02-24,Soybean,Karnataka,Powdery Mildew,47.7,25.2,71.2,13.2,1.41,11.9,Medium,15.9,True,311.0,90.1,Alert System
CRP-0208,2025-03-21,Cotton,Uttar Pradesh,Leaf Blight,56.8,23.6,68.6,2.8,3.4,4.7,High,48.4,True,380.0,93.3,Vision
CRP-0209,2024-11-16,Tomato,Karnataka,Bacterial Spot,55.9,21.1,31.1,0.6,3.33,8.8,Medium,8.3,True,466.0,95.2,Vision
CRP-0210,2024-06-01,Pepper,Karnataka,Leaf Blight,34.6,24.2,77.4,3.6,1.5,8.2,Medium,20.6,True,217.0,93.2,Alert System
CRP-0211,2025-03-06,Cotton,Rajasthan,Powdery Mildew,51.9,26.5,51.0,2.1,2.21,2.5,High,43.4,True,394.0,89.9,Alert System
CRP-0212,2024-11-23,Cotton,Andhra Pradesh,Late Blight,21.8,34.2,73.2,2.3,3.23,2.9,Low,7.6,True,326.0,91.5,Weather
CRP-0213,2024-09-16,Maize,West Bengal,Mosaic Virus,52.7,19.5,66.2,4.9,0.52,3.4,Low,0.3,True,403.0,93.9,Alert System
CRP-0214,2024-11-07,Pepper,Uttar Pradesh,Rust,23.0,23.1,52.3,6.3,2.93,4.9,Medium,10.3,True,363.0,93.8,Vision
CRP-0215,2024-04-11,Potato,Andhra Pradesh,Healthy,80.5,37.4,38.7,0.6,3.35,2.8,High,44.1,True,324.0,94.4,Vision
CRP-0216,2024-03-19,Potato,Karnataka,Powdery Mildew,5.5,21.5,36.1,0.2,0.77,0.2,Low,2.4,True,366.0,92.2,Alert System
CRP-0217,2024-07-10,Maize,Karnataka,Late Blight,28.2,26.2,84.0,25.9,0.98,10.6,Low,5.7,True,296.0,93.8,Alert System
CRP-0218,2025-01-25,Maize,Andhra Pradesh,Rust,85.6,38.8,89.7,1.3,3.38,11.6,High,50.4,True,274.0,92.0,Weather
CRP-0219,2024-03-23,Potato,Andhra Pradesh,Mosaic Virus,36.4,21.7,72.2,0.3,2.11,4.1,Medium,7.1,True,369.0,93.8,Weather
CRP-0220,2024-10-03,Maize,Punjab,Late Blight,39.1,20.0,36.7,1.1,0.54,4.1,Medium,15.3,True,269.0,93.5,Weather
CRP-0221,2025-02-02,Maize,Uttar Pradesh,Late Blight,62.7,29.6,56.1,0.2,1.27,0.1,Medium,15.2,True,359.0,92.2,Vision
CRP-0222,2024-09-28,Potato,West Bengal,Powdery Mildew,63.0,25.3,77.4,2.5,1.85,8.2,High,34.8,True,322.0,95.7,Alert System
CRP-0223,2024-01-01,Pepper,Andhra Pradesh,Rust,2.8,31.5,80.7,8.1,2.58,9.9,Low,7.5,True,180.0,90.8,Prediction
CRP-0224,2024-11-02,Cotton,Andhra Pradesh,Late Blight,23.0,37.3,37.7,2.1,2.7,1.8,Low,6.6,True,286.0,93.2,Alert System
CRP-0225,2024-06-14,Pepper,Punjab,Healthy,70.8,21.3,30.0,2.9,3.49,1.9,High,47.9,True,340.0,92.1,Alert System
CRP-0226,2024-09-07,Cotton,Uttar Pradesh,Leaf Blight,20.5,31.9,76.3,5.6,1.36,9.5,Low,5.7,True,296.0,96.2,Weather
CRP-0227,2024-01-10,Maize,Uttar Pradesh,Early Blight,70.5,30.1,53.2,3.6,2.11,7.4,Medium,14.2,True,167.0,94.3,Prediction
CRP-0228,2024-02-27,Maize,Tamil Nadu,Mosaic Virus,32.7,21.5,46.5,9.9,2.1,0.5,Low,7.4,True,399.0,92.4,Alert System
CRP-0229,2024-07-04,Rice,Maharashtra,Mosaic Virus,46.6,33.0,30.8,10.1,1.72,7.5,Medium,18.9,True,330.0,93.0,Prediction
CRP-0230,2025-03-25,Soybean,Maharashtra,Rust,48.6,24.6,65.1,0.0,1.01,3.7,Medium,19.6,True,347.0,96.2,Prediction
CRP-0231,2025-03-01,Soybean,Karnataka,Late Blight,29.3,29.7,85.3,7.5,3.43,4.4,Medium,22.2,True,292.0,92.0,Alert System
CRP-0232,2025-02-17,Cotton,Rajasthan,Early Blight,4.3,20.0,92.2,3.1,3.06,9.2,Low,2.2,True,352.0,90.8,Weather
CRP-0233,2024-06-06,Tomato,Rajasthan,Rust,75.1,29.0,66.8,22.5,1.99,9.7,High,52.3,True,430.0,93.8,Weather
CRP-0234,2024-05-02,Maize,Uttar Pradesh,Leaf Blight,29.2,25.4,63.4,3.3,2.31,4.8,Low,1.6,True,276.0,93.9,Alert System
CRP-0235,2024-01-30,Wheat,West Bengal,Leaf Blight,71.6,37.7,35.5,21.7,1.18,11.4,Medium,11.9,True,420.0,94.4,Prediction
CRP-0236,2024-05-03,Maize,Maharashtra,Bacterial Spot,74.0,19.4,65.7,7.0,2.13,4.9,Medium,11.7,True,344.0,94.4,Prediction
CRP-0237,2025-03-25,Rice,Tamil Nadu,Healthy,74.0,28.0,54.7,1.4,2.58,9.3,Medium,24.6,True,268.0,96.1,Weather
CRP-0238,2024-10-17,Cotton,West Bengal,Bacterial Spot,62.5,29.0,69.5,3.9,2.05,5.8,Medium,22.1,True,453.0,90.8,Weather
CRP-0239,2024-02-10,Pepper,Rajasthan,Powdery Mildew,71.3,35.4,55.3,24.2,3.47,10.8,High,48.0,True,343.0,91.6,Weather
CRP-0240,2024-02-13,Maize,Andhra Pradesh,Bacterial Spot,14.7,31.8,45.6,9.7,2.33,10.9,Low,5.8,True,361.0,94.4,Prediction
CRP-0241,2025-01-09,Pepper,Andhra Pradesh,Healthy,21.9,34.0,36.2,0.5,1.61,1.0,Low,4.5,True,304.0,91.7,Prediction
CRP-0242,2024-09-05,Potato,Maharashtra,Bacterial Spot,77.8,36.6,50.5,6.1,2.82,11.2,High,57.9,True,272.0,91.2,Weather
CRP-0243,2025-02-21,Potato,Rajasthan,Late Blight,29.4,38.7,36.3,2.1,1.01,9.9,Low,4.0,True,330.0,96.2,Weather
CRP-0244,2024-02-05,Maize,Rajasthan,Bacterial Spot,82.2,25.5,41.5,0.0,1.65,9.5,High,35.2,True,415.0,91.0,Prediction
CRP-0245,2025-01-24,Maize,West Bengal,Rust,47.2,30.9,94.2,2.6,1.54,2.4,Medium,8.3,True,301.0,92.9,Vision
CRP-0246,2024-09-29,Tomato,Karnataka,Healthy,49.7,38.2,58.9,1.3,1.8,9.7,Medium,20.7,True,318.0,93.3,Prediction
CRP-0247,2025-01-27,Rice,Tamil Nadu,Mosaic Virus,38.7,41.7,64.6,8.5,2.85,10.2,Medium,19.7,True,407.0,95.4,Alert System
CRP-0248,2024-03-05,Potato,Maharashtra,Powdery Mildew,91.8,39.3,86.8,2.1,1.95,3.5,High,35.4,True,302.0,90.6,Alert System
CRP-0249,2024-03-06,Potato,Karnataka,Healthy,11.1,26.9,94.7,8.8,2.88,11.4,Low,0.2,True,351.0,94.0,Prediction
CRP-0250,2024-12-03,Wheat,Rajasthan,Rust,81.8,22.7,67.9,0.0,2.23,0.6,High,53.6,True,373.0,92.1,Alert System
CRP-0251,2024-08-31,Potato,Maharashtra,Leaf Blight,71.0,29.7,82.8,1.8,1.53,1.8,High,20.5,True,308.0,94.3,Vision
CRP-0252,2024-10-08,Potato,Uttar Pradesh,Early Blight,49.2,35.8,51.3,1.4,2.93,6.5,Low,5.6,True,339.0,92.0,Vision
CRP-0253,2024-03-25,Wheat,Tamil Nadu,Leaf Blight,45.3,29.8,49.9,1.3,1.21,6.9,High,58.8,True,360.0,95.8,Vision
CRP-0254,2024-05-15,Rice,Maharashtra,Late Blight,8.4,29.6,56.2,0.4,1.17,7.7,Low,3.5,True,296.0,92.0,Alert System
CRP-0255,2024-09-27,Soybean,Karnataka,Early Blight,65.0,38.1,73.7,1.0,2.01,0.2,Medium,9.7,True,369.0,89.7,Weather
CRP-0256,2025-03-22,Cotton,Rajasthan,Rust,74.7,26.7,74.3,4.1,1.28,11.5,High,48.2,True,287.0,92.2,Vision
CRP-0257,2024-11-06,Pepper,Karnataka,Rust,62.6,38.6,50.5,1.7,0.53,0.5,High,52.7,True,279.0,93.0,Vision
CRP-0258,2024-08-04,Rice,Andhra Pradesh,Late Blight,27.6,27.8,38.7,2.7,2.44,1.7,Low,4.4,True,228.0,95.0,Weather
CRP-0259,2024-04-18,Tomato,Andhra Pradesh,Powdery Mildew,73.3,25.9,71.1,2.4,2.03,0.2,High,58.7,True,290.0,91.5,Prediction
CRP-0260,2024-10-03,Wheat,Karnataka,Bacterial Spot,41.0,28.9,38.3,10.4,1.84,6.8,Medium,6.0,True,271.0,91.5,Weather
CRP-0261,2025-01-21,Tomato,Andhra Pradesh,Powdery Mildew,41.5,36.3,67.6,11.8,3.4,11.2,Medium,15.1,True,296.0,94.8,Prediction
CRP-0262,2025-01-08,Soybean,Andhra Pradesh,Rust,46.3,21.0,75.1,3.4,2.21,8.0,Low,5.7,True,357.0,91.3,Prediction
CRP-0263,2024-12-19,Pepper,Karnataka,Rust,61.9,22.7,75.5,2.0,3.09,9.9,Medium,22.3,True,216.0,93.1,Weather
CRP-0264,2024-04-12,Pepper,West Bengal,Late Blight,59.8,40.8,79.0,0.6,0.92,0.2,Medium,8.6,True,202.0,93.2,Vision
CRP-0265,2024-12-31,Potato,Karnataka,Healthy,50.9,22.2,86.7,15.3,2.21,6.5,Medium,21.0,True,275.0,93.7,Prediction
CRP-0266,2024-06-08,Maize,Karnataka,Leaf Blight,11.2,31.6,62.5,0.3,3.1,5.5,Low,4.4,True,348.0,92.3,Weather
CRP-0267,2024-07-23,Cotton,West Bengal,Bacterial Spot,58.9,31.9,77.5,1.8,2.25,6.0,High,35.9,True,337.0,92.0,Vision
CRP-0268,2024-12-09,Maize,Tamil Nadu,Powdery Mildew,93.1,29.8,70.2,1.8,2.65,0.9,High,25.3,True,274.0,93.9,Prediction
CRP-0269,2024-11-28,Wheat,Karnataka,Bacterial Spot,25.2,33.5,42.1,1.9,1.62,8.2,Medium,22.3,True,390.0,92.1,Alert System
CRP-0270,2024-07-10,Rice,Karnataka,Powdery Mildew,93.8,23.5,31.7,0.9,0.78,6.0,High,26.3,True,280.0,91.4,Vision
CRP-0271,2024-08-12,Potato,Rajasthan,Leaf Blight,52.9,31.3,48.5,7.6,1.87,9.2,Medium,11.2,True,348.0,95.2,Weather
CRP-0272,2024-09-21,Wheat,West Bengal,Rust,59.8,26.9,58.8,0.7,1.68,5.8,Medium,10.8,True,298.0,94.1,Alert System
CRP-0273,2024-08-19,Tomato,Punjab,Late Blight,41.1,33.9,70.1,5.0,3.1,1.8,Medium,22.4,True,268.0,96.1,Weather
CRP-0274,2024-03-02,Soybean,Rajasthan,Mosaic Virus,16.0,21.4,85.2,0.7,1.23,7.8,Medium,18.5,True,284.0,94.6,Prediction
CRP-0275,2024-05-06,Tomato,Punjab,Mosaic Virus,48.4,31.7,42.8,0.4,3.4,2.1,Medium,20.9,True,364.0,91.5,Vision
CRP-0276,2024-04-25,Wheat,West Bengal,Bacterial Spot,64.5,22.4,38.2,12.0,3.37,10.5,High,30.0,True,342.0,93.5,Alert System
CRP-0277,2024-02-02,Soybean,Karnataka,Early Blight,42.9,24.7,92.6,1.1,1.24,7.4,Medium,17.5,True,378.0,91.9,Alert System
CRP-0278,2024-06-22,Pepper,Uttar Pradesh,Early Blight,44.5,23.2,37.0,8.6,1.54,1.9,High,42.9,True,342.0,90.9,Alert System
CRP-0279,2024-01-11,Tomato,Andhra Pradesh,Early Blight,86.5,22.4,61.1,3.9,3.19,11.5,High,53.3,True,223.0,92.7,Prediction
CRP-0280,2024-10-28,Maize,West Bengal,Mosaic Virus,95.4,37.8,68.1,0.4,3.4,6.2,High,56.2,True,447.0,94.9,Vision
CRP-0281,2024-10-10,Wheat,Andhra Pradesh,Rust,98.2,24.9,65.2,15.6,1.83,0.9,High,20.5,True,343.0,93.8,Vision
CRP-0282,2024-04-27,Wheat,West Bengal,Leaf Blight,77.3,40.3,35.6,1.4,1.46,7.5,High,47.0,True,351.0,91.3,Prediction
CRP-0283,2024-10-28,Maize,Andhra Pradesh,Bacterial Spot,34.7,41.3,33.7,9.8,2.08,3.0,Medium,6.0,True,297.0,92.7,Weather
CRP-0284,2024-04-22,Rice,West Bengal,Healthy,25.9,31.7,36.9,0.9,2.56,9.6,Low,4.4,True,387.0,93.2,Alert System
CRP-0285,2024-01-04,Cotton,West Bengal,Powdery Mildew,75.2,21.4,68.1,9.6,1.32,9.8,High,31.5,True,254.0,90.9,Weather
CRP-0286,2024-02-06,Maize,Karnataka,Leaf Blight,84.5,27.0,65.4,0.1,2.71,11.7,High,32.3,True,357.0,94.5,Prediction
CRP-0287,2024-12-28,Pepper,Maharashtra,Late Blight,37.5,37.1,45.2,3.6,0.65,6.0,Medium,12.1,True,195.0,93.1,Weather
CRP-0288,2024-11-19,Pepper,Punjab,Leaf Blight,33.1,26.8,71.5,7.3,0.65,5.5,Medium,17.4,True,361.0,91.3,Weather
CRP-0289,2024-01-31,Tomato,Uttar Pradesh,Bacterial Spot,29.6,20.1,83.3,13.7,1.66,9.0,Low,2.7,True,255.0,91.2,Prediction
CRP-0290,2024-04-27,Pepper,Tamil Nadu,Rust,61.3,31.4,32.7,12.0,1.56,1.6,Medium,19.7,True,337.0,95.1,Alert System
CRP-0291,2024-02-04,Maize,Punjab,Early Blight,75.4,38.3,62.4,8.6,1.45,6.6,High,36.2,True,401.0,92.8,Weather
CRP-0292,2024-01-17,Potato,Tamil Nadu,Healthy,83.0,37.1,74.8,11.0,1.97,6.6,High,22.7,True,369.0,95.2,Vision
CRP-0293,2025-03-16,Rice,Uttar Pradesh,Mosaic Virus,84.9,22.2,46.4,1.1,1.46,1.1,High,51.4,True,393.0,95.8,Weather
CRP-0294,2024-06-18,Cotton,Tamil Nadu,Rust,79.2,34.1,50.0,1.7,1.08,5.0,High,31.4,True,387.0,94.9,Weather
CRP-0295,2024-02-06,Tomato,Karnataka,Leaf Blight,87.2,23.3,69.9,1.7,1.43,10.2,High,37.3,True,289.0,92.6,Vision
CRP-0296,2024-09-20,Pepper,West Bengal,Mosaic Virus,82.5,23.2,88.4,2.4,3.42,10.3,High,47.4,True,356.0,89.7,Alert System
CRP-0297,2024-05-01,Maize,West Bengal,Powdery Mildew,48.8,39.0,82.6,2.5,1.73,1.2,Medium,11.6,True,217.0,93.9,Vision
CRP-0298,2024-05-22,Tomato,Maharashtra,Early Blight,94.3,24.0,67.9,3.9,1.83,1.1,High,22.3,True,279.0,96.5,Alert System
CRP-0299,2024-12-08,Wheat,Maharashtra,Rust,6.5,24.3,77.5,0.9,2.23,3.2,Low,3.0,True,404.0,93.3,Prediction
CRP-0300,2024-09-05,Cotton,Tamil Nadu,Healthy,39.0,18.0,53.7,5.9,3.45,10.5,Medium,23.9,True,297.0,90.4,Prediction
CRP-0301,2024-04-19,Maize,Rajasthan,Rust,65.0,38.9,71.7,0.9,1.22,1.5,Medium,17.8,True,208.0,92.4,Weather
CRP-0302,2024-10-03,Potato,Punjab,Early Blight,95.5,37.0,60.3,1.9,2.54,8.6,High,46.9,True,441.0,93.1,Weather
CRP-0303,2024-03-08,Tomato,West Bengal,Bacterial Spot,27.2,33.1,42.3,3.5,2.65,1.2,Low,5.1,True,354.0,91.8,Prediction
CRP-0304,2025-01-05,Soybean,Uttar Pradesh,Healthy,53.3,36.0,75.6,8.0,2.32,7.5,Medium,9.0,True,366.0,89.6,Vision
CRP-0305,2024-10-19,Soybean,Andhra Pradesh,Healthy,11.3,21.6,66.2,6.7,0.77,4.3,Low,3.3,True,261.0,93.3,Prediction
CRP-0306,2024-10-22,Cotton,Maharashtra,Early Blight,95.5,29.0,53.3,5.2,2.53,9.5,Medium,20.0,True,337.0,92.2,Alert System
CRP-0307,2024-08-30,Rice,Uttar Pradesh,Rust,63.4,26.4,89.2,0.8,0.69,2.8,Medium,7.0,True,335.0,96.1,Weather
CRP-0308,2024-05-04,Soybean,Tamil Nadu,Bacterial Spot,17.4,20.3,31.4,4.0,2.29,7.7,Medium,10.6,True,271.0,93.6,Vision
CRP-0309,2025-02-05,Rice,Punjab,Powdery Mildew,70.2,29.7,50.5,0.5,2.72,2.8,High,31.1,True,310.0,94.1,Weather
CRP-0310,2024-08-30,Tomato,West Bengal,Late Blight,92.2,40.1,33.7,2.4,1.13,8.6,High,37.3,True,230.0,93.2,Prediction
CRP-0311,2025-02-17,Tomato,Tamil Nadu,Bacterial Spot,3.4,19.0,79.8,2.7,3.02,10.5,Low,7.8,True,299.0,93.5,Vision
CRP-0312,2024-07-27,Pepper,Rajasthan,Late Blight,50.0,25.0,75.6,0.2,0.59,1.5,Medium,6.4,True,378.0,90.9,Prediction
CRP-0313,2024-04-07,Cotton,Maharashtra,Powdery Mildew,6.5,23.0,51.5,1.6,3.03,10.4,Low,4.1,True,275.0,91.8,Alert System
CRP-0314,2024-02-18,Potato,West Bengal,Healthy,60.6,23.7,73.9,15.6,1.88,7.1,Medium,8.6,True,434.0,95.0,Prediction
CRP-0315,2024-02-19,Wheat,Maharashtra,Leaf Blight,77.3,39.8,55.7,15.4,1.15,1.5,High,58.8,True,234.0,93.7,Vision
CRP-0316,2024-12-03,Maize,Uttar Pradesh,Early Blight,61.5,29.2,79.2,2.2,0.9,5.1,Medium,7.3,True,304.0,92.8,Prediction
CRP-0317,2024-08-08,Soybean,Uttar Pradesh,Healthy,79.1,29.2,59.5,0.2,3.36,1.9,High,36.1,True,281.0,94.1,Weather
CRP-0318,2024-06-30,Potato,Rajasthan,Healthy,89.1,36.3,56.8,1.0,0.72,8.4,High,49.5,True,309.0,94.2,Weather
CRP-0319,2024-08-04,Pepper,Andhra Pradesh,Early Blight,79.0,21.7,90.8,2.5,1.1,9.1,Medium,19.1,True,402.0,96.4,Vision
CRP-0320,2024-07-29,Maize,Karnataka,Mosaic Virus,43.7,29.7,46.3,14.8,1.54,1.3,High,36.9,True,261.0,93.6,Weather
CRP-0321,2024-08-27,Cotton,Karnataka,Early Blight,25.6,28.3,37.8,0.8,2.36,6.1,Low,2.8,True,293.0,91.8,Alert System
CRP-0322,2025-03-18,Maize,Uttar Pradesh,Leaf Blight,89.5,32.3,68.0,7.2,2.13,9.8,High,35.9,True,359.0,93.2,Alert System
CRP-0323,2025-01-08,Wheat,Uttar Pradesh,Powdery Mildew,23.8,42.0,93.0,0.6,0.88,11.2,Low,2.1,True,326.0,94.3,Vision
CRP-0324,2024-01-28,Maize,Punjab,Rust,84.1,36.5,54.6,19.9,1.37,6.2,Medium,9.1,True,331.0,94.9,Prediction
CRP-0325,2024-12-10,Cotton,Rajasthan,Rust,14.5,27.5,34.0,2.4,1.22,11.4,Low,3.9,True,262.0,91.0,Weather
CRP-0326,2024-11-30,Potato,Tamil Nadu,Late Blight,81.8,37.9,52.1,7.5,1.14,6.4,High,30.7,True,316.0,93.8,Weather
CRP-0327,2024-11-26,Wheat,Karnataka,Bacterial Spot,82.0,22.1,62.9,2.1,1.73,4.7,Medium,10.7,True,388.0,92.1,Prediction
CRP-0328,2024-02-20,Rice,Rajasthan,Mosaic Virus,28.3,18.7,40.5,4.9,2.61,10.2,Medium,18.1,True,223.0,92.6,Prediction
CRP-0329,2024-02-01,Pepper,Tamil Nadu,Leaf Blight,47.1,22.9,72.8,1.1,1.15,5.9,Medium,24.4,True,278.0,94.7,Prediction
CRP-0330,2024-07-25,Maize,Tamil Nadu,Bacterial Spot,50.0,26.2,94.9,0.8,1.6,5.7,Low,4.8,True,211.0,94.5,Prediction
CRP-0331,2025-01-07,Tomato,Tamil Nadu,Bacterial Spot,16.5,30.3,59.4,13.9,1.67,5.9,Low,0.6,True,352.0,92.4,Weather
CRP-0332,2024-06-22,Soybean,Maharashtra,Healthy,75.9,32.8,53.1,12.5,3.43,10.2,High,23.0,True,394.0,93.2,Alert System
CRP-0333,2025-02-13,Maize,Karnataka,Mosaic Virus,68.0,39.9,56.0,10.9,3.36,10.0,Medium,24.0,True,309.0,92.6,Vision
CRP-0334,2025-03-17,Rice,Andhra Pradesh,Healthy,55.7,30.2,37.5,4.9,2.9,4.8,Medium,10.9,True,260.0,97.7,Vision
CRP-0335,2024-02-25,Maize,Punjab,Early Blight,60.3,30.0,87.4,8.3,1.22,4.0,Medium,6.8,True,261.0,93.8,Prediction
CRP-0336,2024-05-07,Cotton,Tamil Nadu,Rust,25.6,19.2,57.0,0.4,0.7,5.9,Low,4.8,True,302.0,92.1,Alert System
CRP-0337,2024-04-08,Potato,Karnataka,Bacterial Spot,75.3,18.8,55.2,2.0,1.45,6.9,High,44.9,True,302.0,95.4,Weather
CRP-0338,2024-04-07,Potato,Karnataka,Leaf Blight,85.6,31.2,72.9,1.9,1.3,2.9,High,45.9,True,375.0,95.4,Weather
CRP-0339,2024-10-01,Tomato,Uttar Pradesh,Powdery Mildew,84.2,28.5,58.7,5.0,2.02,9.5,Medium,10.3,True,280.0,96.1,Vision
CRP-0340,2024-08-17,Pepper,Karnataka,Rust,72.3,38.1,72.1,2.2,2.83,5.8,High,20.6,True,346.0,96.5,Prediction
CRP-0341,2024-03-12,Tomato,Rajasthan,Healthy,92.7,21.9,34.0,0.8,3.07,4.0,High,58.6,True,302.0,94.5,Alert System
CRP-0342,2024-08-04,Pepper,Uttar Pradesh,Powdery Mildew,53.6,18.6,82.9,4.5,3.03,1.3,High,30.0,True,275.0,92.9,Vision
CRP-0343,2024-04-03,Cotton,Andhra Pradesh,Powdery Mildew,60.1,28.8,91.1,8.4,1.58,2.9,High,47.0,True,300.0,93.1,Alert System
CRP-0344,2024-05-22,Soybean,West Bengal,Mosaic Virus,44.0,23.7,72.2,2.4,2.56,11.4,Medium,19.1,True,340.0,93.0,Prediction
CRP-0345,2024-08-24,Pepper,Karnataka,Mosaic Virus,49.3,19.2,92.0,0.7,1.44,3.7,Medium,17.2,True,375.0,92.8,Prediction
CRP-0346,2024-05-07,Potato,Tamil Nadu,Powdery Mildew,77.6,35.4,39.8,1.1,0.68,2.0,High,32.5,True,305.0,95.3,Vision
CRP-0347,2025-03-23,Potato,Andhra Pradesh,Leaf Blight,56.4,20.7,61.0,1.4,2.6,5.5,High,30.8,True,248.0,93.4,Prediction
CRP-0348,2024-02-08,Rice,Andhra Pradesh,Bacterial Spot,16.1,32.6,69.1,1.8,0.53,3.7,Medium,17.0,True,380.0,94.9,Alert System
CRP-0349,2024-08-14,Pepper,West Bengal,Rust,53.0,24.7,67.8,5.1,1.73,0.4,Medium,22.3,True,266.0,94.4,Alert System
CRP-0350,2025-02-17,Cotton,Maharashtra,Bacterial Spot,52.9,22.2,56.1,4.6,1.49,3.9,Medium,23.9,True,336.0,91.8,Vision
CRP-0351,2025-03-17,Rice,Maharashtra,Mosaic Virus,65.1,27.1,52.0,6.0,2.58,6.5,Medium,7.1,False,319.0,90.8,Prediction
CRP-0352,2025-03-14,Rice,Andhra Pradesh,Powdery Mildew,4.5,37.2,38.2,2.3,2.8,6.6,Low,1.2,True,310.0,91.5,Weather
CRP-0353,2024-10-08,Wheat,Tamil Nadu,Early Blight,15.3,27.4,55.5,8.7,1.41,4.3,Low,7.6,True,291.0,92.8,Prediction
CRP-0354,2024-02-20,Potato,Rajasthan,Late Blight,57.9,36.0,40.6,1.1,2.93,5.4,Medium,19.7,True,357.0,93.6,Vision
CRP-0355,2024-01-26,Tomato,West Bengal,Rust,63.0,21.0,77.7,3.2,1.38,11.6,Medium,22.7,False,105.0,92.4,Vision
CRP-0356,2024-11-29,Tomato,West Bengal,Rust,34.7,36.5,43.6,8.1,1.84,4.5,Low,1.6,True,388.0,94.5,Weather
CRP-0357,2024-10-03,Cotton,Rajasthan,Bacterial Spot,14.3,23.7,33.8,1.0,2.68,3.1,Medium,16.8,True,265.0,92.6,Vision
CRP-0358,2025-03-04,Pepper,Punjab,Bacterial Spot,65.4,34.3,65.9,0.6,2.58,2.9,Medium,19.0,True,344.0,93.8,Vision
CRP-0359,2024-01-08,Rice,Maharashtra,Late Blight,56.9,31.6,68.7,10.8,3.46,5.5,Medium,18.6,True,341.0,93.6,Weather
CRP-0360,2024-02-17,Potato,West Bengal,Early Blight,31.7,40.3,86.7,2.1,1.18,9.1,Low,3.3,True,396.0,96.0,Weather
CRP-0361,2025-01-20,Pepper,Rajasthan,Healthy,5.6,27.3,67.5,5.8,2.49,2.5,Low,0.1,True,332.0,91.9,Alert System
CRP-0362,2025-03-10,Rice,Maharashtra,Leaf Blight,72.7,19.6,52.5,0.1,2.33,8.5,High,43.3,True,270.0,96.7,Vision
CRP-0363,2024-05-01,Pepper,Andhra Pradesh,Bacterial Spot,83.0,18.5,82.2,5.9,3.25,0.3,High,30.1,True,224.0,92.5,Weather
CRP-0364,2024-03-26,Wheat,Uttar Pradesh,Rust,82.5,37.8,65.1,1.9,0.97,5.0,High,38.0,True,299.0,91.4,Alert System
CRP-0365,2024-07-27,Pepper,Andhra Pradesh,Bacterial Spot,46.8,30.6,35.2,0.3,2.76,9.3,Medium,24.2,True,203.0,93.1,Vision
CRP-0366,2024-09-05,Tomato,Uttar Pradesh,Powdery Mildew,60.5,36.6,66.8,4.7,2.2,4.1,Medium,13.0,True,282.0,98.3,Weather
CRP-0367,2024-09-03,Soybean,West Bengal,Powdery Mildew,49.1,23.6,89.0,1.4,1.32,6.8,High,53.6,True,302.0,94.7,Vision
CRP-0368,2024-04-19,Pepper,Tamil Nadu,Rust,47.3,26.3,55.8,2.4,1.92,2.5,High,27.5,True,279.0,94.3,Alert System
CRP-0369,2025-03-18,Wheat,Rajasthan,Rust,52.8,18.7,49.3,0.4,1.5,8.9,Medium,18.4,True,323.0,94.6,Prediction
CRP-0370,2024-07-24,Pepper,Tamil Nadu,Rust,49.2,41.1,39.3,0.8,2.24,0.6,Medium,24.5,True,306.0,92.2,Vision
CRP-0371,2024-01-31,Maize,Rajasthan,Early Blight,19.6,34.0,39.8,1.8,3.17,10.2,Low,0.8,False,300.0,93.9,Vision
CRP-0372,2024-03-25,Wheat,Karnataka,Late Blight,50.6,40.4,58.1,0.5,2.21,2.4,Medium,5.2,True,175.0,93.4,Vision
CRP-0373,2024-07-13,Soybean,West Bengal,Bacterial Spot,38.3,24.4,68.7,12.1,2.4,10.5,Medium,13.7,True,242.0,96.1,Vision
CRP-0374,2024-01-02,Maize,Rajasthan,Early Blight,92.2,32.7,35.2,0.0,2.06,4.2,High,23.7,True,359.0,93.2,Weather
CRP-0375,2024-07-18,Wheat,Punjab,Bacterial Spot,75.1,34.3,91.1,3.3,0.65,8.7,High,49.9,True,368.0,92.8,Prediction
CRP-0376,2024-05-15,Potato,Punjab,Healthy,43.2,25.6,79.1,0.7,1.2,3.8,Medium,23.3,True,210.0,91.7,Vision
CRP-0377,2025-02-05,Rice,Maharashtra,Healthy,96.7,38.4,68.1,1.8,1.98,10.9,High,37.4,True,271.0,93.6,Weather
CRP-0378,2025-02-05,Wheat,West Bengal,Leaf Blight,55.8,40.7,83.8,13.0,1.43,1.5,High,30.3,True,384.0,93.8,Prediction
CRP-0379,2024-08-20,Soybean,Punjab,Powdery Mildew,73.5,39.2,35.2,0.9,1.05,2.1,High,37.4,True,277.0,91.6,Alert System
CRP-0380,2024-05-26,Cotton,Maharashtra,Early Blight,16.2,35.7,61.0,16.9,2.01,5.9,Low,5.8,True,313.0,94.1,Alert System
CRP-0381,2024-08-04,Rice,Karnataka,Bacterial Spot,12.6,24.7,71.0,1.2,1.47,1.0,Low,0.1,True,407.0,93.7,Alert System
CRP-0382,2024-12-22,Wheat,West Bengal,Powdery Mildew,37.1,24.8,83.9,6.8,1.27,2.4,Medium,16.8,True,298.0,94.9,Alert System
CRP-0383,2025-01-09,Rice,West Bengal,Bacterial Spot,5.8,41.1,80.9,4.0,1.89,11.3,Low,4.9,True,290.0,95.2,Alert System
CRP-0384,2025-02-05,Pepper,Punjab,Leaf Blight,11.8,18.2,48.0,10.8,0.9,11.7,Low,5.1,True,311.0,93.5,Prediction
CRP-0385,2024-10-11,Wheat,Andhra Pradesh,Bacterial Spot,69.2,35.2,91.2,4.0,3.28,4.5,Medium,9.8,True,431.0,91.8,Vision
CRP-0386,2024-12-04,Maize,Uttar Pradesh,Late Blight,58.1,34.9,38.1,3.8,3.1,11.1,High,48.6,True,347.0,92.2,Alert System
CRP-0387,2025-01-02,Soybean,Karnataka,Mosaic Virus,80.2,32.9,86.9,1.1,2.62,6.5,High,23.7,True,321.0,96.0,Vision
CRP-0388,2024-09-06,Tomato,Tamil Nadu,Leaf Blight,17.5,41.8,93.1,0.9,0.82,3.2,Low,1.6,True,289.0,93.6,Vision
CRP-0389,2024-03-20,Tomato,Karnataka,Healthy,54.6,25.5,41.5,12.4,2.83,8.4,Medium,22.5,True,352.0,96.0,Vision
CRP-0390,2024-04-07,Soybean,Tamil Nadu,Early Blight,59.6,26.2,76.9,2.0,2.92,7.9,Medium,19.8,True,360.0,94.1,Vision
CRP-0391,2024-05-31,Cotton,Maharashtra,Late Blight,3.4,19.9,32.6,2.3,2.8,11.9,Low,0.1,True,256.0,94.5,Vision
CRP-0392,2024-04-21,Soybean,Rajasthan,Leaf Blight,75.9,28.6,56.4,7.1,0.84,3.2,High,29.9,True,361.0,94.8,Prediction
CRP-0393,2024-01-30,Pepper,Tamil Nadu,Late Blight,19.6,24.3,63.6,2.1,2.43,8.1,Medium,9.3,True,311.0,91.6,Vision
CRP-0394,2024-10-23,Soybean,Maharashtra,Early Blight,24.9,26.2,67.7,15.2,3.0,0.6,Medium,10.4,True,321.0,93.9,Prediction
CRP-0395,2025-01-11,Soybean,Rajasthan,Early Blight,63.7,38.0,90.8,6.7,2.23,1.4,Medium,10.0,True,267.0,91.5,Prediction
CRP-0396,2024-10-04,Rice,Karnataka,Early Blight,77.2,40.5,73.7,4.5,2.44,0.0,High,22.5,True,296.0,93.0,Vision
CRP-0397,2024-02-01,Tomato,Punjab,Healthy,93.0,22.5,61.3,10.6,1.88,12.0,High,38.4,True,258.0,94.4,Prediction
CRP-0398,2025-01-17,Cotton,Andhra Pradesh,Rust,84.9,26.9,82.6,0.3,2.09,9.6,High,49.3,True,255.0,91.9,Alert System
CRP-0399,2024-06-09,Rice,Tamil Nadu,Mosaic Virus,41.6,40.3,91.8,1.5,0.6,9.4,Medium,17.1,True,343.0,94.2,Alert System
CRP-0400,2024-01-30,Tomato,Uttar Pradesh,Powdery Mildew,20.2,19.5,31.4,3.1,2.42,6.1,Low,5.4,True,299.0,91.2,Alert System
CRP-0401,2024-01-26,Soybean,Andhra Pradesh,Early Blight,75.9,20.2,93.9,1.3,0.74,3.6,High,23.2,True,242.0,95.1,Vision
CRP-0402,2024-10-26,Tomato,Maharashtra,Healthy,39.5,21.9,35.6,6.8,1.81,1.8,Medium,24.0,True,451.0,92.4,Alert System
CRP-0403,2024-09-01,Potato,Maharashtra,Late Blight,92.8,32.3,82.9,12.6,1.38,3.4,High,53.5,True,253.0,91.9,Weather
CRP-0404,2024-09-14,Wheat,Punjab,Early Blight,19.7,21.6,48.2,2.8,2.14,4.5,Low,6.4,True,386.0,91.2,Weather
CRP-0405,2025-03-12,Wheat,Uttar Pradesh,Bacterial Spot,27.2,41.2,38.6,2.1,0.9,9.1,Low,6.6,False,231.0,92.5,Weather
CRP-0406,2024-09-28,Maize,West Bengal,Rust,53.9,28.7,58.6,16.3,2.57,6.5,Medium,23.7,False,347.0,90.5,Alert System
CRP-0407,2024-03-21,Pepper,Maharashtra,Mosaic Virus,19.8,30.0,71.9,2.9,2.89,0.9,Medium,15.9,True,305.0,92.6,Prediction
CRP-0408,2024-01-30,Soybean,Karnataka,Healthy,62.3,23.9,54.8,3.4,0.99,0.2,High,28.0,True,282.0,95.0,Weather
CRP-0409,2024-09-17,Soybean,Uttar Pradesh,Mosaic Virus,75.0,29.3,33.5,2.2,0.81,1.2,High,44.7,True,332.0,93.1,Prediction
CRP-0410,2024-02-11,Potato,West Bengal,Bacterial Spot,17.8,33.9,69.0,12.0,0.94,4.9,Low,5.9,True,324.0,91.6,Prediction
CRP-0411,2025-03-11,Potato,Punjab,Healthy,57.7,36.0,88.7,4.2,3.13,11.2,Medium,19.8,False,271.0,93.7,Vision
CRP-0412,2024-04-05,Pepper,Punjab,Late Blight,23.9,36.1,54.9,7.2,2.08,7.6,Medium,15.4,True,269.0,93.6,Weather
CRP-0413,2024-02-05,Cotton,Rajasthan,Leaf Blight,6.1,31.9,44.1,8.4,1.9,9.6,Low,0.5,True,226.0,96.3,Vision
CRP-0414,2024-10-31,Tomato,Maharashtra,Powdery Mildew,46.7,39.7,58.8,2.1,0.82,5.6,Medium,12.4,True,338.0,94.6,Vision
CRP-0415,2024-02-04,Maize,Andhra Pradesh,Rust,70.0,37.6,33.1,2.8,2.45,4.3,Medium,23.4,True,245.0,93.9,Vision
CRP-0416,2024-12-11,Potato,Karnataka,Early Blight,57.7,36.2,83.3,9.4,3.1,1.3,Medium,16.7,True,320.0,94.8,Alert System
CRP-0417,2025-03-17,Rice,West Bengal,Bacterial Spot,69.6,19.3,83.7,2.3,2.98,10.5,High,41.5,True,356.0,93.2,Vision
CRP-0418,2024-04-30,Wheat,Maharashtra,Powdery Mildew,19.0,18.2,68.2,7.9,2.38,9.4,Medium,10.4,True,332.0,93.3,Prediction
CRP-0419,2024-07-25,Soybean,Uttar Pradesh,Leaf Blight,15.4,23.1,53.0,14.2,0.73,2.0,Low,2.9,True,277.0,95.9,Weather
CRP-0420,2024-03-02,Wheat,Andhra Pradesh,Powdery Mildew,53.1,33.9,82.0,4.9,0.84,6.1,Medium,22.9,True,375.0,90.9,Prediction
CRP-0421,2024-10-18,Potato,Maharashtra,Mosaic Virus,34.6,27.9,66.1,6.8,0.65,5.8,Low,5.3,True,296.0,94.9,Weather
CRP-0422,2024-05-06,Potato,Maharashtra,Mosaic Virus,48.2,27.7,83.7,8.2,1.27,7.5,High,51.5,True,240.0,93.2,Alert System
CRP-0423,2024-10-23,Rice,Maharashtra,Leaf Blight,68.4,39.2,71.0,9.3,0.91,11.4,Medium,14.1,True,303.0,93.0,Weather
CRP-0424,2024-10-31,Rice,Rajasthan,Mosaic Virus,3.9,39.5,81.0,2.5,1.28,7.0,Low,5.0,True,355.0,92.6,Weather
CRP-0425,2024-01-21,Wheat,Rajasthan,Leaf Blight,74.0,39.8,68.9,0.3,1.66,6.5,Medium,10.0,True,280.0,93.6,Weather
CRP-0426,2024-11-13,Pepper,Tamil Nadu,Healthy,60.8,25.5,56.9,2.6,3.33,0.6,Medium,19.1,True,373.0,93.3,Weather
CRP-0427,2024-02-11,Wheat,Karnataka,Leaf Blight,77.9,34.6,92.3,5.6,2.33,0.8,High,37.1,True,274.0,92.8,Prediction
CRP-0428,2024-08-02,Potato,Andhra Pradesh,Late Blight,32.9,24.5,65.2,3.0,3.0,2.2,Low,3.5,False,282.0,92.3,Weather
CRP-0429,2024-12-02,Wheat,Karnataka,Mosaic Virus,40.1,22.6,69.3,6.9,2.63,0.4,Medium,18.0,True,257.0,90.5,Vision
CRP-0430,2024-10-25,Soybean,Karnataka,Early Blight,93.4,22.4,44.3,2.2,0.84,8.9,High,57.5,True,361.0,92.3,Weather
CRP-0431,2024-10-16,Pepper,Maharashtra,Late Blight,77.0,26.2,70.7,5.0,2.71,8.7,High,22.6,True,317.0,92.6,Vision
CRP-0432,2024-09-24,Potato,Punjab,Healthy,65.2,28.3,67.2,1.0,1.33,1.6,Medium,21.5,True,261.0,93.6,Alert System
CRP-0433,2024-06-10,Potato,Karnataka,Bacterial Spot,75.1,37.9,42.0,6.9,2.42,10.0,Medium,10.8,True,296.0,96.3,Vision
CRP-0434,2024-05-13,Wheat,West Bengal,Rust,40.2,20.9,33.9,3.9,1.52,1.9,High,37.8,True,136.0,92.5,Prediction
CRP-0435,2024-04-14,Tomato,Rajasthan,Leaf Blight,38.4,35.6,69.3,1.1,3.49,3.6,Low,0.2,True,367.0,91.9,Vision
CRP-0436,2024-12-08,Maize,Uttar Pradesh,Mosaic Virus,21.6,30.8,79.6,1.7,1.29,3.0,Low,2.4,False,310.0,92.3,Prediction
CRP-0437,2025-01-01,Potato,Karnataka,Late Blight,65.6,24.9,64.0,6.9,1.34,4.5,Medium,15.1,True,176.0,93.6,Vision
CRP-0438,2024-06-09,Cotton,Andhra Pradesh,Healthy,52.0,29.8,44.7,3.3,3.29,3.1,High,22.2,True,233.0,94.3,Weather
CRP-0439,2024-05-02,Cotton,West Bengal,Healthy,8.4,25.2,73.3,1.2,0.57,5.9,Low,3.9,True,295.0,94.5,Alert System
CRP-0440,2024-05-15,Potato,Uttar Pradesh,Powdery Mildew,44.2,32.3,35.2,17.1,2.59,4.9,Medium,23.5,True,241.0,94.6,Prediction
CRP-0441,2024-07-21,Maize,Maharashtra,Healthy,51.6,28.4,58.7,6.3,2.68,11.8,Medium,7.1,True,368.0,94.9,Prediction
CRP-0442,2024-03-08,Tomato,Maharashtra,Late Blight,41.1,21.9,40.6,15.7,3.01,0.7,Medium,20.3,True,345.0,93.0,Weather
CRP-0443,2024-12-09,Potato,Karnataka,Late Blight,88.2,20.8,42.0,2.8,3.42,1.7,High,36.4,True,342.0,96.5,Weather
CRP-0444,2024-11-26,Soybean,Maharashtra,Powdery Mildew,0.2,31.1,43.1,3.2,3.43,0.6,Low,5.2,True,164.0,92.9,Vision
CRP-0445,2024-06-02,Maize,Andhra Pradesh,Early Blight,15.1,39.7,55.1,11.4,0.7,7.5,Low,2.1,True,288.0,93.6,Prediction
CRP-0446,2024-08-22,Maize,Rajasthan,Rust,71.6,26.3,33.3,3.7,2.97,0.7,High,26.4,True,278.0,95.3,Vision
CRP-0447,2024-06-10,Wheat,Andhra Pradesh,Early Blight,79.2,35.6,55.9,6.1,2.44,10.0,Medium,8.2,True,263.0,94.2,Weather
CRP-0448,2025-01-19,Tomato,Rajasthan,Leaf Blight,57.3,33.8,63.3,1.5,2.44,6.1,Medium,6.4,True,295.0,90.0,Prediction
CRP-0449,2024-02-07,Soybean,Karnataka,Bacterial Spot,12.0,40.4,61.4,3.0,0.89,6.3,Low,1.5,True,252.0,93.4,Alert System
CRP-0450,2024-01-05,Pepper,Uttar Pradesh,Leaf Blight,32.4,37.7,54.9,0.7,2.45,6.7,Medium,18.3,True,333.0,94.7,Alert System
CRP-0451,2024-08-22,Wheat,Tamil Nadu,Powdery Mildew,22.0,31.6,84.5,1.2,3.45,2.0,Low,7.1,True,366.0,91.4,Prediction
CRP-0452,2024-11-14,Cotton,Maharashtra,Mosaic Virus,4.9,33.8,39.4,0.0,3.24,2.4,Low,6.5,True,361.0,94.5,Prediction
CRP-0453,2024-10-15,Soybean,Uttar Pradesh,Mosaic Virus,75.7,39.6,62.9,0.2,1.82,3.8,High,47.4,True,312.0,94.0,Weather
CRP-0454,2024-02-21,Cotton,Tamil Nadu,Mosaic Virus,49.3,27.6,34.0,18.9,0.62,7.1,Low,0.9,True,440.0,95.2,Prediction
CRP-0455,2024-02-07,Soybean,Punjab,Mosaic Virus,76.2,25.8,34.6,1.4,1.59,2.5,Medium,10.8,True,388.0,92.4,Prediction
CRP-0456,2024-10-02,Soybean,Tamil Nadu,Early Blight,7.7,18.3,67.3,5.4,2.98,1.4,Low,2.5,True,314.0,94.9,Alert System
CRP-0457,2024-04-19,Tomato,Uttar Pradesh,Bacterial Spot,74.0,37.8,66.8,9.1,2.6,11.6,Medium,10.0,True,291.0,93.6,Weather
CRP-0458,2024-09-16,Maize,Uttar Pradesh,Leaf Blight,2.0,37.2,87.1,4.0,1.88,0.3,Low,4.1,True,400.0,96.0,Vision
CRP-0459,2024-05-15,Soybean,Andhra Pradesh,Leaf Blight,72.5,20.5,66.3,0.8,0.67,9.6,High,41.4,True,380.0,97.6,Prediction
CRP-0460,2024-03-08,Tomato,Tamil Nadu,Healthy,69.1,31.8,92.4,6.5,1.78,9.5,High,34.3,True,235.0,95.7,Weather
CRP-0461,2024-06-27,Pepper,Punjab,Powdery Mildew,11.8,29.1,33.2,4.6,1.91,3.6,Medium,12.1,True,385.0,94.1,Weather
CRP-0462,2024-02-05,Potato,Uttar Pradesh,Powdery Mildew,32.2,20.8,36.4,6.6,3.29,1.6,Low,6.6,True,311.0,96.9,Alert System
CRP-0463,2025-03-26,Potato,West Bengal,Leaf Blight,71.2,41.5,32.9,7.3,2.42,1.7,Medium,20.8,True,268.0,94.3,Prediction
CRP-0464,2024-05-05,Maize,Andhra Pradesh,Mosaic Virus,87.0,23.2,42.0,18.5,1.43,8.4,High,32.3,True,201.0,92.0,Prediction
CRP-0465,2024-07-08,Tomato,Maharashtra,Early Blight,59.7,19.6,65.2,4.3,2.08,7.7,Medium,23.3,True,304.0,93.3,Weather
CRP-0466,2024-05-25,Pepper,Uttar Pradesh,Early Blight,79.9,32.3,72.0,2.1,0.7,9.4,High,58.1,True,319.0,94.5,Prediction
CRP-0467,2024-03-21,Wheat,West Bengal,Early Blight,81.7,35.7,33.0,5.2,3.42,11.2,Medium,11.5,True,415.0,94.6,Alert System
CRP-0468,2024-08-12,Soybean,Maharashtra,Bacterial Spot,40.1,18.8,91.5,0.4,1.58,8.3,Medium,12.1,True,377.0,91.7,Alert System
CRP-0469,2025-03-02,Soybean,Punjab,Bacterial Spot,76.1,33.8,84.7,11.4,1.93,1.9,Medium,15.1,True,285.0,91.8,Alert System
CRP-0470,2024-10-05,Tomato,Rajasthan,Late Blight,72.0,30.8,49.3,0.6,1.57,2.9,High,57.6,True,343.0,92.9,Prediction
CRP-0471,2024-12-26,Soybean,Rajasthan,Healthy,70.1,20.5,35.0,2.0,2.55,10.1,High,55.1,True,370.0,94.2,Prediction
CRP-0472,2024-06-03,Potato,Karnataka,Early Blight,31.5,22.1,41.0,8.5,2.49,2.5,Medium,7.1,True,325.0,94.4,Alert System
CRP-0473,2024-11-09,Maize,Andhra Pradesh,Mosaic Virus,38.0,31.6,38.3,4.5,2.65,0.9,Medium,12.9,True,285.0,93.6,Vision
CRP-0474,2025-02-17,Potato,Andhra Pradesh,Healthy,85.4,25.1,38.0,2.5,1.3,8.4,High,42.1,True,288.0,92.1,Weather
CRP-0475,2024-11-30,Cotton,Rajasthan,Early Blight,4.5,40.5,63.7,3.2,1.45,4.8,Low,4.0,True,343.0,96.0,Vision
CRP-0476,2024-09-27,Rice,Karnataka,Bacterial Spot,81.8,37.6,46.0,9.6,0.88,11.0,High,27.8,True,345.0,91.8,Prediction
CRP-0477,2024-01-05,Pepper,West Bengal,Rust,69.2,41.6,53.3,2.1,2.47,7.8,Medium,22.2,False,302.0,95.4,Weather
CRP-0478,2024-12-07,Cotton,Maharashtra,Leaf Blight,61.8,24.2,94.3,10.2,0.62,1.1,Medium,18.5,True,163.0,94.5,Weather
CRP-0479,2025-02-22,Rice,Punjab,Late Blight,10.2,41.3,74.5,0.5,2.29,11.4,Low,6.7,True,243.0,95.3,Prediction
CRP-0480,2024-10-10,Potato,Maharashtra,Early Blight,43.1,28.3,91.7,7.5,3.11,3.1,Medium,22.2,True,357.0,92.7,Vision
CRP-0481,2024-06-02,Wheat,Punjab,Early Blight,32.2,26.3,39.3,9.4,3.17,4.0,Medium,20.0,False,192.0,93.2,Vision
CRP-0482,2024-12-05,Maize,Tamil Nadu,Rust,15.8,19.2,54.8,1.0,1.85,4.8,Low,3.5,True,391.0,93.5,Vision
CRP-0483,2024-02-23,Soybean,Uttar Pradesh,Healthy,27.5,19.3,66.1,2.8,1.88,0.6,Low,4.9,True,382.0,92.7,Vision
CRP-0484,2025-03-25,Wheat,Punjab,Rust,59.2,34.6,35.0,0.9,0.73,6.0,Medium,8.2,True,322.0,93.7,Alert System
CRP-0485,2024-03-09,Rice,Punjab,Late Blight,83.5,29.0,30.3,6.1,2.51,1.5,High,46.9,True,356.0,95.8,Weather
CRP-0486,2024-05-15,Potato,Andhra Pradesh,Early Blight,38.7,23.4,73.6,3.8,2.96,4.8,Medium,8.6,False,352.0,91.5,Vision
CRP-0487,2024-02-29,Potato,Tamil Nadu,Late Blight,33.2,32.7,71.7,5.0,1.23,4.2,Medium,18.9,True,313.0,92.4,Prediction
CRP-0488,2024-02-24,Pepper,Andhra Pradesh,Early Blight,34.6,24.1,56.7,1.1,1.76,9.3,Low,1.8,True,238.0,92.3,Alert System
CRP-0489,2025-01-15,Potato,Andhra Pradesh,Early Blight,29.7,31.9,61.8,1.2,3.02,9.6,Low,0.9,True,378.0,93.3,Weather
CRP-0490,2024-10-10,Cotton,Andhra Pradesh,Early Blight,72.5,26.6,57.0,0.2,3.13,1.8,Medium,8.3,True,404.0,93.2,Prediction
CRP-0491,2024-03-20,Maize,Maharashtra,Mosaic Virus,63.1,37.8,31.6,1.9,1.23,4.4,Medium,5.0,True,247.0,94.6,Alert System
CRP-0492,2024-05-19,Wheat,Karnataka,Powdery Mildew,21.9,37.7,51.8,4.1,2.15,4.5,Medium,19.4,True,235.0,93.5,Weather
CRP-0493,2024-05-24,Potato,Tamil Nadu,Mosaic Virus,72.4,29.5,41.5,9.8,1.08,1.8,Medium,19.6,True,312.0,93.9,Prediction
CRP-0494,2024-11-05,Potato,Maharashtra,Leaf Blight,46.3,26.4,36.4,5.5,0.81,9.6,Medium,15.3,True,282.0,94.0,Weather
CRP-0495,2024-04-17,Rice,Tamil Nadu,Bacterial Spot,78.0,26.7,92.2,2.9,3.23,8.5,Medium,8.2,True,329.0,93.8,Alert System
CRP-0496,2025-01-02,Pepper,Maharashtra,Late Blight,65.7,37.3,69.0,15.3,2.96,2.3,High,23.3,True,392.0,94.5,Vision
CRP-0497,2024-06-24,Potato,Uttar Pradesh,Powdery Mildew,93.7,25.9,77.4,6.4,2.78,4.4,Medium,5.4,True,185.0,93.2,Alert System
CRP-0498,2024-04-14,Potato,Karnataka,Leaf Blight,22.8,23.0,50.5,13.3,0.65,1.3,Low,1.3,True,415.0,95.9,Prediction
CRP-0499,2024-12-17,Soybean,Rajasthan,Healthy,67.0,20.0,55.6,3.7,3.03,7.5,High,55.6,True,296.0,97.2,Vision
CRP-0500,2024-11-20,Potato,Andhra Pradesh,Early Blight,66.1,29.2,45.4,1.5,1.81,1.5,Medium,9.8,True,351.0,94.5,Weather
CRP-0501,2025-03-12,Cotton,Maharashtra,Early Blight,25.4,29.6,36.3,0.3,1.53,11.8,Medium,12.1,True,357.0,93.7,Weather
CRP-0502,2024-05-15,Maize,Tamil Nadu,Bacterial Spot,10.2,38.2,41.6,6.5,2.14,9.4,Low,0.8,True,364.0,94.3,Weather
CRP-0503,2024-09-15,Soybean,Andhra Pradesh,Bacterial Spot,14.8,23.3,81.8,0.6,0.77,4.7,Low,1.8,True,324.0,91.7,Alert System
CRP-0504,2024-09-07,Pepper,Uttar Pradesh,Bacterial Spot,15.4,27.1,74.0,1.8,2.77,6.9,Low,4.2,True,338.0,93.7,Weather
CRP-0505,2024-05-08,Cotton,Punjab,Leaf Blight,27.6,37.4,65.6,3.8,2.25,10.9,Medium,17.2,True,337.0,92.3,Weather
CRP-0506,2025-03-09,Maize,Uttar Pradesh,Mosaic Virus,93.6,37.8,60.9,4.2,1.06,6.6,High,29.8,True,282.0,94.2,Weather
CRP-0507,2024-01-27,Maize,Maharashtra,Late Blight,57.6,27.2,90.0,4.6,1.06,2.1,Medium,6.2,True,215.0,92.3,Alert System
CRP-0508,2024-02-17,Cotton,Andhra Pradesh,Mosaic Virus,17.3,29.0,34.7,0.9,1.05,4.5,Low,3.1,True,247.0,92.9,Prediction
CRP-0509,2024-11-20,Pepper,Maharashtra,Healthy,5.8,25.3,48.2,2.4,0.67,10.1,Low,1.9,True,314.0,90.6,Vision
CRP-0510,2024-08-04,Pepper,West Bengal,Late Blight,86.3,40.4,52.7,4.8,2.26,7.7,High,28.8,True,273.0,91.6,Weather
CRP-0511,2025-02-28,Rice,Punjab,Early Blight,57.7,20.8,80.9,17.5,3.02,7.8,High,58.4,True,273.0,93.9,Alert System
CRP-0512,2024-05-21,Pepper,Tamil Nadu,Powdery Mildew,64.7,40.4,94.5,6.5,0.55,10.4,Medium,17.3,True,428.0,92.1,Weather
CRP-0513,2024-01-23,Cotton,Karnataka,Powdery Mildew,11.3,34.4,45.6,12.8,0.65,10.7,Low,4.5,True,372.0,95.0,Vision
CRP-0514,2024-01-02,Potato,Maharashtra,Early Blight,55.7,30.8,86.8,7.2,2.22,11.0,Low,3.3,False,305.0,92.0,Prediction
CRP-0515,2024-06-19,Cotton,Punjab,Rust,40.3,18.8,84.0,4.5,2.96,1.1,Medium,13.6,True,360.0,94.1,Prediction
CRP-0516,2025-01-29,Cotton,Karnataka,Healthy,48.6,29.4,44.6,1.1,1.48,6.5,Medium,15.8,True,295.0,92.3,Weather
CRP-0517,2024-03-07,Soybean,Punjab,Powdery Mildew,81.5,27.8,56.0,5.5,1.55,8.9,High,47.9,True,327.0,94.0,Vision
CRP-0518,2024-11-22,Wheat,Karnataka,Early Blight,37.2,21.9,56.6,4.9,2.29,9.1,Medium,19.0,True,346.0,91.1,Weather
CRP-0519,2024-05-14,Potato,West Bengal,Powdery Mildew,31.0,33.8,93.6,4.6,1.32,7.3,Low,1.4,True,295.0,92.7,Prediction
CRP-0520,2024-03-23,Tomato,Rajasthan,Late Blight,53.6,41.3,41.8,3.4,0.58,2.0,Medium,15.0,True,279.0,92.1,Alert System
CRP-0521,2025-01-14,Wheat,Tamil Nadu,Rust,17.5,31.5,81.9,3.8,2.71,9.6,Medium,13.2,True,393.0,94.7,Alert System
CRP-0522,2024-08-14,Maize,Karnataka,Mosaic Virus,4.3,35.2,51.7,2.0,2.38,8.6,Low,7.0,True,357.0,94.1,Alert System
CRP-0523,2024-10-09,Soybean,Rajasthan,Late Blight,92.4,19.6,77.5,3.7,2.24,1.0,High,45.3,True,185.0,91.6,Vision
CRP-0524,2024-12-27,Maize,Karnataka,Mosaic Virus,20.3,28.0,57.3,1.1,2.73,5.6,Low,4.3,True,280.0,93.1,Vision
CRP-0525,2024-08-06,Tomato,Tamil Nadu,Early Blight,77.3,20.8,67.6,8.2,2.53,2.1,High,24.6,True,273.0,92.2,Prediction
CRP-0526,2024-10-14,Potato,Maharashtra,Bacterial Spot,43.8,32.7,84.1,1.0,1.12,4.0,Medium,17.1,True,283.0,94.8,Vision
CRP-0527,2024-01-05,Cotton,Punjab,Late Blight,80.6,40.5,82.3,0.4,1.56,0.2,High,24.7,True,372.0,95.3,Prediction
CRP-0528,2024-02-27,Potato,Rajasthan,Late Blight,48.3,33.9,86.3,2.9,0.88,4.8,Medium,11.7,True,321.0,91.2,Prediction
CRP-0529,2024-02-08,Soybean,Andhra Pradesh,Early Blight,43.3,19.8,33.9,5.4,0.89,6.6,Medium,7.9,False,237.0,94.6,Weather
CRP-0530,2024-12-19,Potato,Tamil Nadu,Early Blight,57.5,26.5,75.0,2.9,2.53,7.4,Low,5.5,True,297.0,92.2,Alert System
CRP-0531,2024-03-17,Pepper,Maharashtra,Healthy,79.6,31.2,39.1,1.6,3.08,8.0,High,28.3,True,353.0,93.0,Alert System
CRP-0532,2024-10-06,Cotton,Tamil Nadu,Rust,63.4,27.7,57.0,4.1,3.39,10.0,High,35.7,True,307.0,93.4,Prediction
CRP-0533,2024-01-19,Maize,Maharashtra,Healthy,24.7,38.0,65.7,2.1,2.39,2.6,Low,7.2,True,281.0,96.1,Vision
CRP-0534,2025-03-03,Pepper,West Bengal,Leaf Blight,54.5,37.6,56.2,13.5,1.05,1.4,Medium,9.1,True,340.0,91.9,Prediction
CRP-0535,2024-07-08,Pepper,West Bengal,Rust,51.9,32.7,63.8,12.8,0.82,10.2,High,40.3,True,417.0,94.7,Alert System
CRP-0536,2024-10-25,Pepper,Rajasthan,Healthy,29.9,27.0,94.8,3.5,2.94,1.9,Low,3.4,True,348.0,91.6,Weather
CRP-0537,2024-10-09,Tomato,Punjab,Mosaic Virus,70.1,24.1,38.8,2.0,2.24,11.7,High,20.7,True,398.0,91.5,Alert System
CRP-0538,2024-03-16,Cotton,West Bengal,Rust,28.4,20.5,73.9,6.7,2.35,10.1,Medium,20.9,True,285.0,93.4,Prediction
CRP-0539,2024-08-08,Tomato,Karnataka,Bacterial Spot,75.3,26.5,55.7,0.2,2.84,6.0,High,22.8,True,319.0,93.4,Prediction
CRP-0540,2024-03-06,Tomato,Rajasthan,Early Blight,80.2,27.9,38.6,3.2,2.61,11.8,High,39.0,True,318.0,89.2,Alert System
CRP-0541,2024-01-22,Pepper,Karnataka,Bacterial Spot,43.1,34.2,40.3,2.0,3.0,1.2,High,42.4,True,327.0,95.1,Alert System
CRP-0542,2024-06-06,Tomato,Tamil Nadu,Leaf Blight,57.9,33.8,91.7,12.7,0.67,3.6,Low,5.0,True,346.0,90.2,Vision
CRP-0543,2024-07-05,Wheat,Maharashtra,Powdery Mildew,19.3,19.7,87.2,0.1,2.74,7.7,Low,5.5,True,265.0,93.2,Weather
CRP-0544,2025-02-11,Wheat,Maharashtra,Powdery Mildew,44.2,27.5,89.0,4.0,3.05,4.2,Medium,10.1,True,359.0,95.4,Alert System
CRP-0545,2025-03-16,Rice,Uttar Pradesh,Mosaic Virus,72.8,22.4,94.4,6.7,1.36,11.1,High,20.4,True,222.0,96.7,Weather
CRP-0546,2024-01-21,Wheat,Punjab,Late Blight,60.7,21.8,43.5,3.3,2.42,0.8,Medium,19.5,True,240.0,92.9,Weather
CRP-0547,2024-07-02,Wheat,Punjab,Bacterial Spot,85.5,37.9,53.1,0.4,1.44,6.6,High,41.4,True,448.0,91.3,Vision
CRP-0548,2024-04-17,Soybean,Punjab,Healthy,56.0,19.0,73.5,18.0,3.37,7.1,Medium,21.7,True,289.0,95.3,Prediction
CRP-0549,2024-12-15,Tomato,Uttar Pradesh,Powdery Mildew,11.6,28.1,61.4,3.6,0.6,7.8,Medium,21.4,True,364.0,94.7,Weather
CRP-0550,2024-05-07,Potato,Punjab,Late Blight,24.4,22.0,57.2,4.8,2.24,3.1,Medium,21.9,True,422.0,92.7,Weather
CRP-0551,2024-12-07,Rice,West Bengal,Powdery Mildew,81.3,39.1,53.3,1.3,1.0,4.4,High,39.4,False,181.0,92.5,Weather
CRP-0552,2024-02-22,Tomato,Rajasthan,Rust,19.9,31.4,68.6,3.3,2.64,10.1,Low,2.7,True,388.0,92.3,Weather
CRP-0553,2024-06-30,Wheat,Andhra Pradesh,Healthy,77.9,23.6,67.4,2.8,1.03,2.3,High,51.7,False,359.0,92.9,Prediction
CRP-0554,2025-02-03,Potato,Karnataka,Late Blight,58.8,30.1,40.5,0.4,1.21,9.9,Medium,14.0,False,418.0,93.9,Vision
CRP-0555,2024-10-13,Pepper,Karnataka,Powdery Mildew,56.6,35.6,60.7,0.6,1.98,6.8,Medium,8.7,True,249.0,92.6,Weather
CRP-0556,2025-03-23,Cotton,Punjab,Late Blight,87.2,41.0,66.0,9.1,3.24,9.1,High,54.2,True,407.0,92.7,Alert System
CRP-0557,2024-07-27,Wheat,Andhra Pradesh,Leaf Blight,48.8,23.3,67.1,1.4,1.14,8.6,Medium,22.7,True,276.0,94.4,Prediction
CRP-0558,2024-11-13,Pepper,Uttar Pradesh,Leaf Blight,47.1,39.3,43.7,1.1,0.93,2.5,Medium,14.3,True,383.0,91.2,Vision
CRP-0559,2025-01-18,Pepper,Rajasthan,Healthy,18.9,40.4,78.2,3.5,2.78,6.8,Low,0.6,True,318.0,92.8,Alert System
CRP-0560,2024-03-20,Wheat,Uttar Pradesh,Early Blight,78.0,40.0,31.6,7.3,2.0,10.4,High,35.5,False,366.0,90.9,Alert System
CRP-0561,2024-05-01,Wheat,Andhra Pradesh,Mosaic Virus,34.2,33.2,53.1,0.3,3.24,5.2,Low,6.4,True,323.0,93.6,Alert System
CRP-0562,2025-03-18,Soybean,Rajasthan,Powdery Mildew,50.9,33.1,80.7,4.3,0.94,11.6,Medium,23.0,True,210.0,90.5,Weather
CRP-0563,2024-03-24,Wheat,Tamil Nadu,Powdery Mildew,95.7,27.7,66.7,0.6,2.44,5.4,High,28.1,True,133.0,94.7,Weather
CRP-0564,2025-02-13,Wheat,Maharashtra,Healthy,43.8,36.1,47.0,0.2,1.2,1.7,Medium,6.3,True,333.0,91.4,Alert System
CRP-0565,2025-02-19,Maize,Rajasthan,Rust,84.8,30.8,75.2,0.3,0.97,4.7,Medium,22.5,True,304.0,90.7,Vision
CRP-0566,2024-03-31,Maize,Maharashtra,Powdery Mildew,27.3,34.3,66.9,9.0,2.55,11.4,Medium,12.8,True,344.0,92.9,Weather
CRP-0567,2024-07-30,Wheat,Punjab,Bacterial Spot,66.5,28.3,81.8,0.6,2.28,3.8,High,41.7,True,305.0,96.0,Vision
CRP-0568,2024-01-13,Soybean,Karnataka,Bacterial Spot,16.7,35.6,77.8,0.2,2.76,10.4,Medium,24.4,True,441.0,94.5,Weather
CRP-0569,2024-04-01,Tomato,Uttar Pradesh,Bacterial Spot,26.1,37.8,69.7,2.9,1.43,10.6,Medium,6.3,True,334.0,90.5,Weather
CRP-0570,2025-01-12,Rice,Punjab,Bacterial Spot,23.5,21.5,61.7,9.3,1.84,4.2,Low,5.2,True,293.0,91.4,Weather
CRP-0571,2024-06-19,Rice,Andhra Pradesh,Healthy,74.1,38.0,38.7,1.5,1.72,1.0,High,23.0,True,340.0,92.8,Vision
CRP-0572,2025-02-04,Tomato,Maharashtra,Bacterial Spot,26.6,31.0,47.0,2.7,3.45,8.7,Low,3.0,False,294.0,96.8,Weather
CRP-0573,2024-07-29,Potato,West Bengal,Leaf Blight,45.1,38.3,57.2,0.2,1.38,3.7,Medium,21.1,True,326.0,92.0,Vision
CRP-0574,2025-02-14,Potato,Tamil Nadu,Leaf Blight,23.7,28.4,69.0,3.0,1.38,9.4,Medium,13.7,True,247.0,92.0,Weather
CRP-0575,2024-12-08,Maize,Tamil Nadu,Mosaic Virus,42.5,27.1,63.4,4.3,1.56,5.3,Medium,24.9,True,319.0,95.7,Prediction
CRP-0576,2025-03-18,Cotton,Rajasthan,Late Blight,74.1,40.0,48.7,4.2,2.19,5.8,Medium,16.2,True,291.0,93.7,Weather
CRP-0577,2025-01-11,Maize,Maharashtra,Leaf Blight,39.8,24.0,30.4,2.0,1.26,9.3,Medium,11.4,True,253.0,95.0,Alert System
CRP-0578,2025-02-19,Soybean,West Bengal,Late Blight,51.0,38.3,62.3,1.9,3.25,4.6,Medium,9.4,True,439.0,92.3,Vision
CRP-0579,2024-05-07,Rice,Punjab,Mosaic Virus,57.3,29.6,48.6,0.6,1.3,5.3,Medium,12.0,True,255.0,93.2,Prediction
CRP-0580,2024-05-16,Cotton,Rajasthan,Leaf Blight,11.0,30.3,77.7,2.3,3.19,4.5,Low,3.0,True,320.0,95.4,Vision
CRP-0581,2024-03-22,Soybean,Uttar Pradesh,Leaf Blight,65.0,25.4,31.6,0.5,0.81,4.4,Medium,6.4,True,272.0,93.2,Weather
CRP-0582,2025-02-07,Pepper,Tamil Nadu,Mosaic Virus,16.1,31.8,68.0,7.3,2.47,6.3,Low,3.0,True,338.0,95.1,Alert System
CRP-0583,2024-12-25,Potato,Tamil Nadu,Mosaic Virus,65.9,25.8,91.2,16.9,3.22,9.7,Medium,14.3,True,244.0,94.0,Alert System
CRP-0584,2024-02-25,Potato,Uttar Pradesh,Late Blight,87.3,18.9,41.3,17.5,1.01,4.3,High,48.9,True,370.0,91.8,Alert System
CRP-0585,2024-07-14,Maize,West Bengal,Early Blight,36.2,24.5,60.7,10.0,3.4,6.3,Medium,18.1,True,442.0,93.4,Weather
CRP-0586,2025-03-22,Rice,Rajasthan,Powdery Mildew,60.4,18.2,35.9,4.6,1.86,8.0,Medium,19.2,True,270.0,94.9,Weather
CRP-0587,2024-01-20,Wheat,West Bengal,Rust,23.5,41.5,70.7,6.0,3.34,3.2,Medium,5.2,True,393.0,94.4,Alert System
CRP-0588,2025-03-15,Rice,Uttar Pradesh,Bacterial Spot,61.2,41.2,65.8,1.7,2.53,3.3,High,28.7,False,297.0,93.3,Weather
CRP-0589,2024-08-28,Soybean,Uttar Pradesh,Early Blight,87.2,27.5,56.5,5.0,1.4,11.2,High,46.5,True,410.0,90.6,Weather
CRP-0590,2024-04-23,Soybean,Karnataka,Powdery Mildew,74.6,35.5,63.9,3.0,1.06,8.7,Medium,14.7,True,451.0,90.7,Prediction
CRP-0591,2024-04-12,Soybean,Punjab,Rust,80.8,26.3,88.3,3.3,1.41,6.9,High,20.2,True,306.0,91.0,Weather
CRP-0592,2025-02-22,Pepper,Andhra Pradesh,Leaf Blight,72.2,34.1,42.8,7.1,0.78,7.8,High,52.2,True,229.0,92.6,Prediction
CRP-0593,2024-08-23,Wheat,Punjab,Early Blight,13.2,37.3,31.5,1.7,0.93,0.4,Medium,20.5,True,377.0,92.8,Alert System
CRP-0594,2024-06-28,Wheat,Uttar Pradesh,Early Blight,28.1,40.7,86.0,1.9,0.81,7.4,Low,4.4,True,333.0,91.2,Vision
CRP-0595,2024-06-05,Tomato,Rajasthan,Healthy,47.7,27.6,67.5,12.9,1.77,6.1,Medium,6.3,True,350.0,94.9,Weather
CRP-0596,2025-02-24,Rice,Punjab,Late Blight,22.3,36.8,87.9,0.3,2.89,6.5,Low,6.1,True,300.0,91.5,Alert System
CRP-0597,2025-02-11,Pepper,Rajasthan,Bacterial Spot,24.6,24.4,68.8,3.3,0.92,4.3,Low,4.7,True,267.0,91.3,Alert System
CRP-0598,2025-03-22,Soybean,Punjab,Powdery Mildew,84.4,41.8,82.7,12.2,0.89,1.0,High,51.3,True,390.0,93.5,Weather
CRP-0599,2024-04-26,Cotton,Andhra Pradesh,Late Blight,16.7,18.6,57.9,4.7,2.43,2.3,Low,6.0,True,339.0,94.9,Vision
CRP-0600,2024-04-24,Rice,Tamil Nadu,Healthy,79.1,32.5,78.7,4.0,1.09,11.4,Medium,21.1,True,233.0,96.5,Vision
